run_id,timestamp,representation_id,method,parameters,seed,k,sample_rule,n_train,n_val,silhouette_train,davies_bouldin_train,calinski_harabasz_train,silhouette_val,davies_bouldin_val,calinski_harabasz_val,runtime_s,noise_pct,notes
471a8d33,2026-04-28T19:30:07+00:00,rep_v1_baseline,kmeans,"{""init"": ""k-means++"", ""n_init"": 10}",17341,3,train_20pct_seed=17341,23842,95368,0.0852,2.6462,1700.38,0.0798,2.6588,6700.86,0.229,,
f78363ed,2026-04-28T19:30:07+00:00,rep_v1_baseline,kmeans,"{""init"": ""k-means++"", ""n_init"": 10}",17342,3,train_20pct_seed=17341,23842,95368,0.085,2.6421,1700.36,0.077,2.6542,6699.4,0.191,,
1bd9da12,2026-04-28T19:30:08+00:00,rep_v1_baseline,kmeans,"{""init"": ""k-means++"", ""n_init"": 10}",17343,3,train_20pct_seed=17341,23842,95368,0.0704,3.0086,1527.7,0.0678,3.0025,5989.95,0.262,,
4b4a6555,2026-04-28T19:30:09+00:00,rep_v1_baseline,kmeans,"{""init"": ""k-means++"", ""n_init"": 10}",17344,3,train_20pct_seed=17341,23842,95368,0.0788,2.687,1706.47,0.0799,2.6928,6702.31,0.293,,
2f8bc78e,2026-04-28T19:30:10+00:00,rep_v1_baseline,kmeans,"{""init"": ""k-means++"", ""n_init"": 10}",17345,3,train_20pct_seed=17341,23842,95368,0.0804,2.6867,1706.49,0.0808,2.6929,6702.52,0.258,,
6ce0a17a,2026-04-28T19:30:10+00:00,rep_v1_baseline,kmeans,"{""init"": ""k-means++"", ""n_init"": 10}",17346,3,train_20pct_seed=17341,23842,95368,0.074,2.9225,1560.9,0.0703,2.9308,6064.39,0.192,,
904ba8a1,2026-04-28T19:30:11+00:00,rep_v1_baseline,kmeans,"{""init"": ""k-means++"", ""n_init"": 10}",17347,3,train_20pct_seed=17341,23842,95368,0.0817,2.7377,1674.1,0.085,2.7364,6647.07,0.21,,
363575c1,2026-04-28T19:30:12+00:00,rep_v1_baseline,kmeans,"{""init"": ""k-means++"", ""n_init"": 10}",17348,3,train_20pct_seed=17341,23842,95368,0.085,2.6432,1700.34,0.0863,2.6552,6699.06,0.197,,
3cc51595,2026-04-28T19:30:12+00:00,rep_v1_baseline,kmeans,"{""init"": ""k-means++"", ""n_init"": 10}",17349,3,train_20pct_seed=17341,23842,95368,0.0838,2.645,1700.4,0.0813,2.6589,6701.16,0.225,,
40f247be,2026-04-28T19:30:13+00:00,rep_v1_baseline,kmeans,"{""init"": ""k-means++"", ""n_init"": 10}",17350,3,train_20pct_seed=17341,23842,95368,0.0706,3.0085,1527.71,0.0664,3.0024,5990.36,0.199,,
8a810e8f,2026-04-28T19:30:14+00:00,rep_v1_baseline,kmeans,"{""init"": ""k-means++"", ""n_init"": 10}",17341,4,train_20pct_seed=17341,23842,95368,0.08,2.5381,1651.7,0.0722,2.5389,6519.37,0.33,,
adc39c74,2026-04-28T19:30:15+00:00,rep_v1_baseline,kmeans,"{""init"": ""k-means++"", ""n_init"": 10}",17342,4,train_20pct_seed=17341,23842,95368,0.0776,2.5385,1651.71,0.069,2.5397,6519.01,0.25,,
1cd4897a,2026-04-28T19:30:15+00:00,rep_v1_baseline,kmeans,"{""init"": ""k-means++"", ""n_init"": 10}",17343,4,train_20pct_seed=17341,23842,95368,0.0761,2.5387,1651.64,0.0757,2.5404,6517.35,0.249,,
85df9711,2026-04-28T19:30:16+00:00,rep_v1_baseline,kmeans,"{""init"": ""k-means++"", ""n_init"": 10}",17344,4,train_20pct_seed=17341,23842,95368,0.0862,2.4563,1661.38,0.0858,2.4613,6503.33,0.227,,
69f7d1d2,2026-04-28T19:30:17+00:00,rep_v1_baseline,kmeans,"{""init"": ""k-means++"", ""n_init"": 10}",17345,4,train_20pct_seed=17341,23842,95368,0.0767,2.5368,1651.7,0.0734,2.538,6519.96,0.247,,
346b6268,2026-04-28T19:30:17+00:00,rep_v1_baseline,kmeans,"{""init"": ""k-means++"", ""n_init"": 10}",17346,4,train_20pct_seed=17341,23842,95368,0.0951,2.3964,1655.79,0.0919,2.4074,6497.41,0.278,,
b0729e8e,2026-04-28T19:30:18+00:00,rep_v1_baseline,kmeans,"{""init"": ""k-means++"", ""n_init"": 10}",17347,4,train_20pct_seed=17341,23842,95368,0.0783,2.5388,1651.7,0.0752,2.5398,6518.91,0.288,,
0dd1c3ad,2026-04-28T19:30:19+00:00,rep_v1_baseline,kmeans,"{""init"": ""k-means++"", ""n_init"": 10}",17348,4,train_20pct_seed=17341,23842,95368,0.0755,2.5377,1651.63,0.0754,2.5392,6518.9,0.412,,
90fa438d,2026-04-28T19:30:20+00:00,rep_v1_baseline,kmeans,"{""init"": ""k-means++"", ""n_init"": 10}",17349,4,train_20pct_seed=17341,23842,95368,0.0745,2.5386,1651.62,0.072,2.5404,6517.32,0.319,,
1ecc156a,2026-04-28T19:30:21+00:00,rep_v1_baseline,kmeans,"{""init"": ""k-means++"", ""n_init"": 10}",17350,4,train_20pct_seed=17341,23842,95368,0.0763,2.5393,1651.64,0.0712,2.5406,6517.78,0.312,,
0603e305,2026-04-28T19:30:21+00:00,rep_v1_baseline,kmeans,"{""init"": ""k-means++"", ""n_init"": 10}",17341,5,train_20pct_seed=17341,23842,95368,0.0928,2.3338,1567.95,0.088,2.3342,6207.81,0.278,,
1d01653b,2026-04-28T19:30:22+00:00,rep_v1_baseline,kmeans,"{""init"": ""k-means++"", ""n_init"": 10}",17342,5,train_20pct_seed=17341,23842,95368,0.0767,2.0969,1668.79,0.0681,2.108,6260.87,0.31,,
e07e4420,2026-04-28T19:30:23+00:00,rep_v1_baseline,kmeans,"{""init"": ""k-means++"", ""n_init"": 10}",17343,5,train_20pct_seed=17341,23842,95368,0.0755,2.0969,1668.79,0.0754,2.1079,6260.94,0.292,,
7b6f9edc,2026-04-28T19:30:24+00:00,rep_v1_baseline,kmeans,"{""init"": ""k-means++"", ""n_init"": 10}",17344,5,train_20pct_seed=17341,23842,95368,0.0728,2.0969,1668.8,0.0738,2.1075,6262.22,0.273,,
7409a834,2026-04-28T19:30:24+00:00,rep_v1_baseline,kmeans,"{""init"": ""k-means++"", ""n_init"": 10}",17345,5,train_20pct_seed=17341,23842,95368,0.0843,2.4307,1581.71,0.0817,2.4356,6211.79,0.34,,
10125f22,2026-04-28T19:30:25+00:00,rep_v1_baseline,kmeans,"{""init"": ""k-means++"", ""n_init"": 10}",17346,5,train_20pct_seed=17341,23842,95368,0.0899,2.0058,1674.21,0.0878,2.0236,6251.28,0.3,,
47cf7d19,2026-04-28T19:30:26+00:00,rep_v1_baseline,kmeans,"{""init"": ""k-means++"", ""n_init"": 10}",17347,5,train_20pct_seed=17341,23842,95368,0.1019,2.0402,1620.1,0.0997,2.0523,6405.07,0.31,,
fd60322d,2026-04-28T19:30:27+00:00,rep_v1_baseline,kmeans,"{""init"": ""k-means++"", ""n_init"": 10}",17348,5,train_20pct_seed=17341,23842,95368,0.074,2.097,1668.79,0.0746,2.108,6260.91,0.328,,
8c2aae3b,2026-04-28T19:30:28+00:00,rep_v1_baseline,kmeans,"{""init"": ""k-means++"", ""n_init"": 10}",17349,5,train_20pct_seed=17341,23842,95368,0.0891,2.0065,1674.28,0.0895,2.0247,6250.48,0.272,,
a7e15474,2026-04-28T19:30:28+00:00,rep_v1_baseline,kmeans,"{""init"": ""k-means++"", ""n_init"": 10}",17350,5,train_20pct_seed=17341,23842,95368,0.0753,2.0979,1668.82,0.0706,2.1082,6262.11,0.272,,
481fa237,2026-04-28T19:30:29+00:00,rep_v1_baseline,kmeans,"{""init"": ""k-means++"", ""n_init"": 10}",17341,6,train_20pct_seed=17341,23842,95368,0.0867,2.3078,1511.37,0.0825,2.293,5934.87,0.292,,
c249475a,2026-04-28T19:30:30+00:00,rep_v1_baseline,kmeans,"{""init"": ""k-means++"", ""n_init"": 10}",17342,6,train_20pct_seed=17341,23842,95368,0.0855,2.0242,1667.87,0.0762,2.0307,6252.19,0.321,,
702b4647,2026-04-28T19:30:31+00:00,rep_v1_baseline,kmeans,"{""init"": ""k-means++"", ""n_init"": 10}",17343,6,train_20pct_seed=17341,23842,95368,0.0846,2.024,1667.87,0.0827,2.0304,6252.63,0.304,,
8cea6cb2,2026-04-28T19:30:31+00:00,rep_v1_baseline,kmeans,"{""init"": ""k-means++"", ""n_init"": 10}",17344,6,train_20pct_seed=17341,23842,95368,0.0924,2.115,1590.07,0.0889,2.1187,6285.8,0.288,,
dd7537ad,2026-04-28T19:30:32+00:00,rep_v1_baseline,kmeans,"{""init"": ""k-means++"", ""n_init"": 10}",17345,6,train_20pct_seed=17341,23842,95368,0.0844,2.0244,1667.87,0.0811,2.0307,6252.15,0.3,,
46c9e212,2026-04-28T19:30:33+00:00,rep_v1_baseline,kmeans,"{""init"": ""k-means++"", ""n_init"": 10}",17346,6,train_20pct_seed=17341,23842,95368,0.0906,2.2587,1502.92,0.0856,2.2529,5926.42,0.3,,
d2f3f925,2026-04-28T19:30:34+00:00,rep_v1_baseline,kmeans,"{""init"": ""k-means++"", ""n_init"": 10}",17347,6,train_20pct_seed=17341,23842,95368,0.101,2.1496,1570.94,0.0981,2.1508,6172.54,0.316,,
7adbda7b,2026-04-28T19:30:34+00:00,rep_v1_baseline,kmeans,"{""init"": ""k-means++"", ""n_init"": 10}",17348,6,train_20pct_seed=17341,23842,95368,0.083,2.3078,1511.37,0.0834,2.293,5934.87,0.316,,
134d7c3f,2026-04-28T19:30:35+00:00,rep_v1_baseline,kmeans,"{""init"": ""k-means++"", ""n_init"": 10}",17349,6,train_20pct_seed=17341,23842,95368,0.0765,2.0998,1559.76,0.0738,2.1141,5834.71,0.316,,
cf5e7a20,2026-04-28T19:30:36+00:00,rep_v1_baseline,kmeans,"{""init"": ""k-means++"", ""n_init"": 10}",17350,6,train_20pct_seed=17341,23842,95368,0.0879,1.9959,1631.96,0.086,2.0057,6170.81,0.29,,
8bcc020d,2026-04-28T19:30:37+00:00,rep_v1_baseline,kmeans,"{""init"": ""k-means++"", ""n_init"": 10}",17341,7,train_20pct_seed=17341,23842,95368,0.0886,1.9788,1581.44,0.0853,1.9815,5989.78,0.3,,
f51242ea,2026-04-28T19:30:37+00:00,rep_v1_baseline,kmeans,"{""init"": ""k-means++"", ""n_init"": 10}",17342,7,train_20pct_seed=17341,23842,95368,0.0916,1.853,1676.19,0.0841,1.8619,6358.76,0.378,,
27f2800d,2026-04-28T19:30:38+00:00,rep_v1_baseline,kmeans,"{""init"": ""k-means++"", ""n_init"": 10}",17343,7,train_20pct_seed=17341,23842,95368,0.087,1.9814,1588.34,0.0901,1.9835,6006.65,0.357,,
58b4778f,2026-04-28T19:30:39+00:00,rep_v1_baseline,kmeans,"{""init"": ""k-means++"", ""n_init"": 10}",17344,7,train_20pct_seed=17341,23842,95368,0.0812,2.0275,1588.59,0.082,2.0243,5994.92,0.29,,
fbe4ecd3,2026-04-28T19:30:40+00:00,rep_v1_baseline,kmeans,"{""init"": ""k-means++"", ""n_init"": 10}",17345,7,train_20pct_seed=17341,23842,95368,0.0914,2.003,1612.75,0.0879,2.0106,6080.24,0.359,,
f062a8dd,2026-04-28T19:30:41+00:00,rep_v1_baseline,kmeans,"{""init"": ""k-means++"", ""n_init"": 10}",17346,7,train_20pct_seed=17341,23842,95368,0.0972,1.9805,1604.14,0.098,1.9865,6308.42,0.321,,
0b56f9e9,2026-04-28T19:30:41+00:00,rep_v1_baseline,kmeans,"{""init"": ""k-means++"", ""n_init"": 10}",17347,7,train_20pct_seed=17341,23842,95368,0.0871,1.9788,1581.44,0.0859,1.9815,5989.76,0.267,,
1ac599f9,2026-04-28T19:30:42+00:00,rep_v1_baseline,kmeans,"{""init"": ""k-means++"", ""n_init"": 10}",17348,7,train_20pct_seed=17341,23842,95368,0.0968,1.7837,1672.68,0.0994,1.7938,6377.57,0.33,,
c00b912c,2026-04-28T19:30:43+00:00,rep_v1_baseline,kmeans,"{""init"": ""k-means++"", ""n_init"": 10}",17349,7,train_20pct_seed=17341,23842,95368,0.0854,1.8537,1576.79,0.0804,1.8679,5949.46,0.319,,
89acba53,2026-04-28T19:30:44+00:00,rep_v1_baseline,kmeans,"{""init"": ""k-means++"", ""n_init"": 10}",17350,7,train_20pct_seed=17341,23842,95368,0.098,1.7837,1672.68,0.0959,1.7938,6377.57,0.32,,
17eec13e,2026-04-28T19:30:45+00:00,rep_v1_baseline,kmeans,"{""init"": ""k-means++"", ""n_init"": 10}",17341,8,train_20pct_seed=17341,23842,95368,0.0921,1.8092,1650.19,0.0866,1.8163,6237.69,0.341,,
f97fb0ae,2026-04-28T19:30:45+00:00,rep_v1_baseline,kmeans,"{""init"": ""k-means++"", ""n_init"": 10}",17342,8,train_20pct_seed=17341,23842,95368,0.0949,1.7957,1646.78,0.0883,1.7997,6281.76,0.371,,
971f4c6b,2026-04-28T19:30:46+00:00,rep_v1_baseline,kmeans,"{""init"": ""k-means++"", ""n_init"": 10}",17343,8,train_20pct_seed=17341,23842,95368,0.0934,1.8361,1650.42,0.0925,1.8312,6270.92,0.463,,
1c67c390,2026-04-28T19:30:47+00:00,rep_v1_baseline,kmeans,"{""init"": ""k-means++"", ""n_init"": 10}",17344,8,train_20pct_seed=17341,23842,95368,0.0961,1.7938,1646.68,0.0974,1.7988,6282.03,0.314,,
c7140d2e,2026-04-28T19:30:48+00:00,rep_v1_baseline,kmeans,"{""init"": ""k-means++"", ""n_init"": 10}",17345,8,train_20pct_seed=17341,23842,95368,0.1,1.8114,1666.55,0.0979,1.8187,6331.9,0.343,,
c45115ff,2026-04-28T19:30:49+00:00,rep_v1_baseline,kmeans,"{""init"": ""k-means++"", ""n_init"": 10}",17346,8,train_20pct_seed=17341,23842,95368,0.0977,1.8743,1622.42,0.0962,1.8768,6127.13,0.325,,
769a11df,2026-04-28T19:30:50+00:00,rep_v1_baseline,kmeans,"{""init"": ""k-means++"", ""n_init"": 10}",17347,8,train_20pct_seed=17341,23842,95368,0.0967,1.8117,1666.36,0.0945,1.8194,6330.52,0.313,,
31a173e9,2026-04-28T19:30:50+00:00,rep_v1_baseline,kmeans,"{""init"": ""k-means++"", ""n_init"": 10}",17348,8,train_20pct_seed=17341,23842,95368,0.0967,1.8845,1617.14,0.0949,1.8876,6115.18,0.349,,
6abb7089,2026-04-28T19:30:51+00:00,rep_v1_baseline,kmeans,"{""init"": ""k-means++"", ""n_init"": 10}",17349,8,train_20pct_seed=17341,23842,95368,0.1007,1.7716,1709.39,0.0957,1.7825,6468.13,0.322,,
8aaed67f,2026-04-28T19:30:52+00:00,rep_v1_baseline,kmeans,"{""init"": ""k-means++"", ""n_init"": 10}",17350,8,train_20pct_seed=17341,23842,95368,0.1061,1.8895,1576.84,0.1057,1.8902,6223.9,0.315,,
239d05d5,2026-04-28T19:30:53+00:00,rep_v1_baseline,ikmeans,"{""min_cluster_size"": 119, ""n_init"": 1, ""init_source"": ""AP_top_k_by_scatter_pct"", ""n_ap_retained"": 8}",17341,3,train_20pct_seed=17341,23842,95368,0.124,2.5245,2465.65,0.1269,2.5242,9810.26,0.919,,AP extraction shared across seeds; runtime includes AP only on first seed
b8ba3509,2026-04-28T19:30:54+00:00,rep_v1_baseline,ikmeans,"{""min_cluster_size"": 119, ""n_init"": 1, ""init_source"": ""AP_top_k_by_scatter_pct"", ""n_ap_retained"": 8}",17342,3,train_20pct_seed=17341,23842,95368,0.1242,2.5245,2465.65,0.1264,2.5242,9810.26,0.03,,AP extraction shared across seeds; runtime includes AP only on first seed
a142844a,2026-04-28T19:30:54+00:00,rep_v1_baseline,ikmeans,"{""min_cluster_size"": 119, ""n_init"": 1, ""init_source"": ""AP_top_k_by_scatter_pct"", ""n_ap_retained"": 8}",17343,3,train_20pct_seed=17341,23842,95368,0.1277,2.5245,2465.65,0.1287,2.5242,9810.26,0.033,,AP extraction shared across seeds; runtime includes AP only on first seed
b8f52755,2026-04-28T19:30:55+00:00,rep_v1_baseline,ikmeans,"{""min_cluster_size"": 119, ""n_init"": 1, ""init_source"": ""AP_top_k_by_scatter_pct"", ""n_ap_retained"": 8}",17344,3,train_20pct_seed=17341,23842,95368,0.1294,2.5245,2465.65,0.1257,2.5242,9810.26,0.038,,AP extraction shared across seeds; runtime includes AP only on first seed
6136518d,2026-04-28T19:30:55+00:00,rep_v1_baseline,ikmeans,"{""min_cluster_size"": 119, ""n_init"": 1, ""init_source"": ""AP_top_k_by_scatter_pct"", ""n_ap_retained"": 8}",17345,3,train_20pct_seed=17341,23842,95368,0.1291,2.5245,2465.65,0.1259,2.5242,9810.26,0.035,,AP extraction shared across seeds; runtime includes AP only on first seed
82fcf98c,2026-04-28T19:30:56+00:00,rep_v1_baseline,ikmeans,"{""min_cluster_size"": 119, ""n_init"": 1, ""init_source"": ""AP_top_k_by_scatter_pct"", ""n_ap_retained"": 8}",17346,3,train_20pct_seed=17341,23842,95368,0.1282,2.5245,2465.65,0.1257,2.5242,9810.26,0.031,,AP extraction shared across seeds; runtime includes AP only on first seed
205abce1,2026-04-28T19:30:56+00:00,rep_v1_baseline,ikmeans,"{""min_cluster_size"": 119, ""n_init"": 1, ""init_source"": ""AP_top_k_by_scatter_pct"", ""n_ap_retained"": 8}",17347,3,train_20pct_seed=17341,23842,95368,0.1264,2.5245,2465.65,0.126,2.5242,9810.26,0.033,,AP extraction shared across seeds; runtime includes AP only on first seed
ee5ffb88,2026-04-28T19:30:57+00:00,rep_v1_baseline,ikmeans,"{""min_cluster_size"": 119, ""n_init"": 1, ""init_source"": ""AP_top_k_by_scatter_pct"", ""n_ap_retained"": 8}",17348,3,train_20pct_seed=17341,23842,95368,0.1257,2.5245,2465.65,0.1268,2.5242,9810.26,0.036,,AP extraction shared across seeds; runtime includes AP only on first seed
bb23b7ce,2026-04-28T19:30:57+00:00,rep_v1_baseline,ikmeans,"{""min_cluster_size"": 119, ""n_init"": 1, ""init_source"": ""AP_top_k_by_scatter_pct"", ""n_ap_retained"": 8}",17349,3,train_20pct_seed=17341,23842,95368,0.1275,2.5245,2465.65,0.1259,2.5242,9810.26,0.03,,AP extraction shared across seeds; runtime includes AP only on first seed
28022b8c,2026-04-28T19:30:58+00:00,rep_v1_baseline,ikmeans,"{""min_cluster_size"": 119, ""n_init"": 1, ""init_source"": ""AP_top_k_by_scatter_pct"", ""n_ap_retained"": 8}",17350,3,train_20pct_seed=17341,23842,95368,0.1274,2.5245,2465.65,0.1274,2.5242,9810.26,0.031,,AP extraction shared across seeds; runtime includes AP only on first seed
4b4330cd,2026-04-28T19:30:58+00:00,rep_v1_baseline,ikmeans,"{""min_cluster_size"": 119, ""n_init"": 1, ""init_source"": ""AP_top_k_by_scatter_pct"", ""n_ap_retained"": 8}",17341,4,train_20pct_seed=17341,23842,95368,0.1198,2.3708,2368.54,0.1226,2.3701,9483.2,0.919,,AP extraction shared across seeds; runtime includes AP only on first seed
05bc320e,2026-04-28T19:30:59+00:00,rep_v1_baseline,ikmeans,"{""min_cluster_size"": 119, ""n_init"": 1, ""init_source"": ""AP_top_k_by_scatter_pct"", ""n_ap_retained"": 8}",17342,4,train_20pct_seed=17341,23842,95368,0.1192,2.3708,2368.54,0.122,2.3701,9483.2,0.033,,AP extraction shared across seeds; runtime includes AP only on first seed
3ac41689,2026-04-28T19:30:59+00:00,rep_v1_baseline,ikmeans,"{""min_cluster_size"": 119, ""n_init"": 1, ""init_source"": ""AP_top_k_by_scatter_pct"", ""n_ap_retained"": 8}",17343,4,train_20pct_seed=17341,23842,95368,0.1221,2.3708,2368.54,0.1241,2.3701,9483.2,0.036,,AP extraction shared across seeds; runtime includes AP only on first seed
14ca73e2,2026-04-28T19:31:00+00:00,rep_v1_baseline,ikmeans,"{""min_cluster_size"": 119, ""n_init"": 1, ""init_source"": ""AP_top_k_by_scatter_pct"", ""n_ap_retained"": 8}",17344,4,train_20pct_seed=17341,23842,95368,0.1248,2.3708,2368.54,0.1212,2.3701,9483.2,0.033,,AP extraction shared across seeds; runtime includes AP only on first seed
e7358159,2026-04-28T19:31:00+00:00,rep_v1_baseline,ikmeans,"{""min_cluster_size"": 119, ""n_init"": 1, ""init_source"": ""AP_top_k_by_scatter_pct"", ""n_ap_retained"": 8}",17345,4,train_20pct_seed=17341,23842,95368,0.1223,2.3708,2368.54,0.1232,2.3701,9483.2,0.033,,AP extraction shared across seeds; runtime includes AP only on first seed
85a69874,2026-04-28T19:31:01+00:00,rep_v1_baseline,ikmeans,"{""min_cluster_size"": 119, ""n_init"": 1, ""init_source"": ""AP_top_k_by_scatter_pct"", ""n_ap_retained"": 8}",17346,4,train_20pct_seed=17341,23842,95368,0.1245,2.3708,2368.54,0.1206,2.3701,9483.2,0.034,,AP extraction shared across seeds; runtime includes AP only on first seed
d346c472,2026-04-28T19:31:01+00:00,rep_v1_baseline,ikmeans,"{""min_cluster_size"": 119, ""n_init"": 1, ""init_source"": ""AP_top_k_by_scatter_pct"", ""n_ap_retained"": 8}",17347,4,train_20pct_seed=17341,23842,95368,0.1221,2.3708,2368.54,0.1213,2.3701,9483.2,0.035,,AP extraction shared across seeds; runtime includes AP only on first seed
6fd0ee09,2026-04-28T19:31:02+00:00,rep_v1_baseline,ikmeans,"{""min_cluster_size"": 119, ""n_init"": 1, ""init_source"": ""AP_top_k_by_scatter_pct"", ""n_ap_retained"": 8}",17348,4,train_20pct_seed=17341,23842,95368,0.1206,2.3708,2368.54,0.1207,2.3701,9483.2,0.032,,AP extraction shared across seeds; runtime includes AP only on first seed
1d2c2837,2026-04-28T19:31:02+00:00,rep_v1_baseline,ikmeans,"{""min_cluster_size"": 119, ""n_init"": 1, ""init_source"": ""AP_top_k_by_scatter_pct"", ""n_ap_retained"": 8}",17349,4,train_20pct_seed=17341,23842,95368,0.1219,2.3708,2368.54,0.1215,2.3701,9483.2,0.033,,AP extraction shared across seeds; runtime includes AP only on first seed
9502d813,2026-04-28T19:31:03+00:00,rep_v1_baseline,ikmeans,"{""min_cluster_size"": 119, ""n_init"": 1, ""init_source"": ""AP_top_k_by_scatter_pct"", ""n_ap_retained"": 8}",17350,4,train_20pct_seed=17341,23842,95368,0.1223,2.3708,2368.54,0.1226,2.3701,9483.2,0.033,,AP extraction shared across seeds; runtime includes AP only on first seed
15088d30,2026-04-28T19:31:03+00:00,rep_v1_baseline,ikmeans,"{""min_cluster_size"": 119, ""n_init"": 1, ""init_source"": ""AP_top_k_by_scatter_pct"", ""n_ap_retained"": 8}",17341,5,train_20pct_seed=17341,23842,95368,0.1205,2.3729,2209.63,0.1202,2.3744,8805.96,0.915,,AP extraction shared across seeds; runtime includes AP only on first seed
9e3df2d7,2026-04-28T19:31:04+00:00,rep_v1_baseline,ikmeans,"{""min_cluster_size"": 119, ""n_init"": 1, ""init_source"": ""AP_top_k_by_scatter_pct"", ""n_ap_retained"": 8}",17342,5,train_20pct_seed=17341,23842,95368,0.1186,2.3729,2209.63,0.1226,2.3744,8805.96,0.031,,AP extraction shared across seeds; runtime includes AP only on first seed
cd2a7723,2026-04-28T19:31:04+00:00,rep_v1_baseline,ikmeans,"{""min_cluster_size"": 119, ""n_init"": 1, ""init_source"": ""AP_top_k_by_scatter_pct"", ""n_ap_retained"": 8}",17343,5,train_20pct_seed=17341,23842,95368,0.1225,2.3729,2209.63,0.1195,2.3744,8805.96,0.029,,AP extraction shared across seeds; runtime includes AP only on first seed
0c110cdf,2026-04-28T19:31:05+00:00,rep_v1_baseline,ikmeans,"{""min_cluster_size"": 119, ""n_init"": 1, ""init_source"": ""AP_top_k_by_scatter_pct"", ""n_ap_retained"": 8}",17344,5,train_20pct_seed=17341,23842,95368,0.1248,2.3729,2209.63,0.1188,2.3744,8805.96,0.031,,AP extraction shared across seeds; runtime includes AP only on first seed
347ce190,2026-04-28T19:31:05+00:00,rep_v1_baseline,ikmeans,"{""min_cluster_size"": 119, ""n_init"": 1, ""init_source"": ""AP_top_k_by_scatter_pct"", ""n_ap_retained"": 8}",17345,5,train_20pct_seed=17341,23842,95368,0.1224,2.3729,2209.63,0.1226,2.3744,8805.96,0.03,,AP extraction shared across seeds; runtime includes AP only on first seed
e72c34c6,2026-04-28T19:31:06+00:00,rep_v1_baseline,ikmeans,"{""min_cluster_size"": 119, ""n_init"": 1, ""init_source"": ""AP_top_k_by_scatter_pct"", ""n_ap_retained"": 8}",17346,5,train_20pct_seed=17341,23842,95368,0.1201,2.3729,2209.63,0.1187,2.3744,8805.96,0.029,,AP extraction shared across seeds; runtime includes AP only on first seed
0a4410de,2026-04-28T19:31:06+00:00,rep_v1_baseline,ikmeans,"{""min_cluster_size"": 119, ""n_init"": 1, ""init_source"": ""AP_top_k_by_scatter_pct"", ""n_ap_retained"": 8}",17347,5,train_20pct_seed=17341,23842,95368,0.1218,2.3729,2209.63,0.1194,2.3744,8805.96,0.03,,AP extraction shared across seeds; runtime includes AP only on first seed
5f92f463,2026-04-28T19:31:06+00:00,rep_v1_baseline,ikmeans,"{""min_cluster_size"": 119, ""n_init"": 1, ""init_source"": ""AP_top_k_by_scatter_pct"", ""n_ap_retained"": 8}",17348,5,train_20pct_seed=17341,23842,95368,0.1197,2.3729,2209.63,0.1182,2.3744,8805.96,0.029,,AP extraction shared across seeds; runtime includes AP only on first seed
656cb8dd,2026-04-28T19:31:07+00:00,rep_v1_baseline,ikmeans,"{""min_cluster_size"": 119, ""n_init"": 1, ""init_source"": ""AP_top_k_by_scatter_pct"", ""n_ap_retained"": 8}",17349,5,train_20pct_seed=17341,23842,95368,0.1202,2.3729,2209.63,0.117,2.3744,8805.96,0.03,,AP extraction shared across seeds; runtime includes AP only on first seed
26c66c9b,2026-04-28T19:31:07+00:00,rep_v1_baseline,ikmeans,"{""min_cluster_size"": 119, ""n_init"": 1, ""init_source"": ""AP_top_k_by_scatter_pct"", ""n_ap_retained"": 8}",17350,5,train_20pct_seed=17341,23842,95368,0.1204,2.3729,2209.63,0.1224,2.3744,8805.96,0.029,,AP extraction shared across seeds; runtime includes AP only on first seed
fadcf416,2026-04-28T19:31:08+00:00,rep_v1_baseline,ikmeans,"{""min_cluster_size"": 119, ""n_init"": 1, ""init_source"": ""AP_top_k_by_scatter_pct"", ""n_ap_retained"": 8}",17341,6,train_20pct_seed=17341,23842,95368,0.1238,2.1902,2139.56,0.125,2.1907,8552.86,0.914,,AP extraction shared across seeds; runtime includes AP only on first seed
32860d28,2026-04-28T19:31:08+00:00,rep_v1_baseline,ikmeans,"{""min_cluster_size"": 119, ""n_init"": 1, ""init_source"": ""AP_top_k_by_scatter_pct"", ""n_ap_retained"": 8}",17342,6,train_20pct_seed=17341,23842,95368,0.1218,2.1902,2139.56,0.1257,2.1907,8552.86,0.028,,AP extraction shared across seeds; runtime includes AP only on first seed
915fba96,2026-04-28T19:31:09+00:00,rep_v1_baseline,ikmeans,"{""min_cluster_size"": 119, ""n_init"": 1, ""init_source"": ""AP_top_k_by_scatter_pct"", ""n_ap_retained"": 8}",17343,6,train_20pct_seed=17341,23842,95368,0.1237,2.1902,2139.56,0.1257,2.1907,8552.86,0.032,,AP extraction shared across seeds; runtime includes AP only on first seed
176d544e,2026-04-28T19:31:09+00:00,rep_v1_baseline,ikmeans,"{""min_cluster_size"": 119, ""n_init"": 1, ""init_source"": ""AP_top_k_by_scatter_pct"", ""n_ap_retained"": 8}",17344,6,train_20pct_seed=17341,23842,95368,0.1282,2.1902,2139.56,0.1235,2.1907,8552.86,0.028,,AP extraction shared across seeds; runtime includes AP only on first seed
9e681ffd,2026-04-28T19:31:10+00:00,rep_v1_baseline,ikmeans,"{""min_cluster_size"": 119, ""n_init"": 1, ""init_source"": ""AP_top_k_by_scatter_pct"", ""n_ap_retained"": 8}",17345,6,train_20pct_seed=17341,23842,95368,0.1271,2.1902,2139.56,0.1281,2.1907,8552.86,0.029,,AP extraction shared across seeds; runtime includes AP only on first seed
3bc74eac,2026-04-28T19:31:10+00:00,rep_v1_baseline,ikmeans,"{""min_cluster_size"": 119, ""n_init"": 1, ""init_source"": ""AP_top_k_by_scatter_pct"", ""n_ap_retained"": 8}",17346,6,train_20pct_seed=17341,23842,95368,0.1234,2.1902,2139.56,0.1236,2.1907,8552.86,0.029,,AP extraction shared across seeds; runtime includes AP only on first seed
df29380b,2026-04-28T19:31:11+00:00,rep_v1_baseline,ikmeans,"{""min_cluster_size"": 119, ""n_init"": 1, ""init_source"": ""AP_top_k_by_scatter_pct"", ""n_ap_retained"": 8}",17347,6,train_20pct_seed=17341,23842,95368,0.1255,2.1902,2139.56,0.1242,2.1907,8552.86,0.028,,AP extraction shared across seeds; runtime includes AP only on first seed
5523cafe,2026-04-28T19:31:11+00:00,rep_v1_baseline,ikmeans,"{""min_cluster_size"": 119, ""n_init"": 1, ""init_source"": ""AP_top_k_by_scatter_pct"", ""n_ap_retained"": 8}",17348,6,train_20pct_seed=17341,23842,95368,0.1244,2.1902,2139.56,0.1236,2.1907,8552.86,0.029,,AP extraction shared across seeds; runtime includes AP only on first seed
bb0a6aa6,2026-04-28T19:31:12+00:00,rep_v1_baseline,ikmeans,"{""min_cluster_size"": 119, ""n_init"": 1, ""init_source"": ""AP_top_k_by_scatter_pct"", ""n_ap_retained"": 8}",17349,6,train_20pct_seed=17341,23842,95368,0.1251,2.1902,2139.56,0.1234,2.1907,8552.86,0.028,,AP extraction shared across seeds; runtime includes AP only on first seed
eb1f783b,2026-04-28T19:31:12+00:00,rep_v1_baseline,ikmeans,"{""min_cluster_size"": 119, ""n_init"": 1, ""init_source"": ""AP_top_k_by_scatter_pct"", ""n_ap_retained"": 8}",17350,6,train_20pct_seed=17341,23842,95368,0.1241,2.1902,2139.56,0.1252,2.1907,8552.86,0.033,,AP extraction shared across seeds; runtime includes AP only on first seed
9b73be08,2026-04-28T19:31:13+00:00,rep_v1_baseline,ikmeans,"{""min_cluster_size"": 119, ""n_init"": 1, ""init_source"": ""AP_top_k_by_scatter_pct"", ""n_ap_retained"": 8}",17341,7,train_20pct_seed=17341,23842,95368,0.1126,2.1698,1913.18,0.1154,2.1708,7636.24,0.917,,AP extraction shared across seeds; runtime includes AP only on first seed
4b3cff38,2026-04-28T19:31:13+00:00,rep_v1_baseline,ikmeans,"{""min_cluster_size"": 119, ""n_init"": 1, ""init_source"": ""AP_top_k_by_scatter_pct"", ""n_ap_retained"": 8}",17342,7,train_20pct_seed=17341,23842,95368,0.1109,2.1698,1913.18,0.1147,2.1708,7636.24,0.032,,AP extraction shared across seeds; runtime includes AP only on first seed
276a2117,2026-04-28T19:31:14+00:00,rep_v1_baseline,ikmeans,"{""min_cluster_size"": 119, ""n_init"": 1, ""init_source"": ""AP_top_k_by_scatter_pct"", ""n_ap_retained"": 8}",17343,7,train_20pct_seed=17341,23842,95368,0.1114,2.1698,1913.18,0.1142,2.1708,7636.24,0.032,,AP extraction shared across seeds; runtime includes AP only on first seed
8f51fc57,2026-04-28T19:31:14+00:00,rep_v1_baseline,ikmeans,"{""min_cluster_size"": 119, ""n_init"": 1, ""init_source"": ""AP_top_k_by_scatter_pct"", ""n_ap_retained"": 8}",17344,7,train_20pct_seed=17341,23842,95368,0.1168,2.1698,1913.18,0.1106,2.1708,7636.24,0.038,,AP extraction shared across seeds; runtime includes AP only on first seed
fd2ba013,2026-04-28T19:31:15+00:00,rep_v1_baseline,ikmeans,"{""min_cluster_size"": 119, ""n_init"": 1, ""init_source"": ""AP_top_k_by_scatter_pct"", ""n_ap_retained"": 8}",17345,7,train_20pct_seed=17341,23842,95368,0.116,2.1698,1913.18,0.1156,2.1708,7636.24,0.038,,AP extraction shared across seeds; runtime includes AP only on first seed
49e9776e,2026-04-28T19:31:15+00:00,rep_v1_baseline,ikmeans,"{""min_cluster_size"": 119, ""n_init"": 1, ""init_source"": ""AP_top_k_by_scatter_pct"", ""n_ap_retained"": 8}",17346,7,train_20pct_seed=17341,23842,95368,0.113,2.1698,1913.18,0.1115,2.1708,7636.24,0.033,,AP extraction shared across seeds; runtime includes AP only on first seed
16446981,2026-04-28T19:31:16+00:00,rep_v1_baseline,ikmeans,"{""min_cluster_size"": 119, ""n_init"": 1, ""init_source"": ""AP_top_k_by_scatter_pct"", ""n_ap_retained"": 8}",17347,7,train_20pct_seed=17341,23842,95368,0.1141,2.1698,1913.18,0.1123,2.1708,7636.24,0.029,,AP extraction shared across seeds; runtime includes AP only on first seed
f79bac22,2026-04-28T19:31:16+00:00,rep_v1_baseline,ikmeans,"{""min_cluster_size"": 119, ""n_init"": 1, ""init_source"": ""AP_top_k_by_scatter_pct"", ""n_ap_retained"": 8}",17348,7,train_20pct_seed=17341,23842,95368,0.1138,2.1698,1913.18,0.1115,2.1708,7636.24,0.028,,AP extraction shared across seeds; runtime includes AP only on first seed
aeefef4d,2026-04-28T19:31:17+00:00,rep_v1_baseline,ikmeans,"{""min_cluster_size"": 119, ""n_init"": 1, ""init_source"": ""AP_top_k_by_scatter_pct"", ""n_ap_retained"": 8}",17349,7,train_20pct_seed=17341,23842,95368,0.1123,2.1698,1913.18,0.1124,2.1708,7636.24,0.03,,AP extraction shared across seeds; runtime includes AP only on first seed
d3f7ca08,2026-04-28T19:31:17+00:00,rep_v1_baseline,ikmeans,"{""min_cluster_size"": 119, ""n_init"": 1, ""init_source"": ""AP_top_k_by_scatter_pct"", ""n_ap_retained"": 8}",17350,7,train_20pct_seed=17341,23842,95368,0.1125,2.1698,1913.18,0.1146,2.1708,7636.24,0.028,,AP extraction shared across seeds; runtime includes AP only on first seed
72720655,2026-04-28T19:31:18+00:00,rep_v1_baseline,ikmeans,"{""min_cluster_size"": 119, ""n_init"": 1, ""init_source"": ""AP_top_k_by_scatter_pct"", ""n_ap_retained"": 8}",17341,8,train_20pct_seed=17341,23842,95368,0.1087,2.293,1699.87,0.1095,2.3062,6768.52,0.915,,AP extraction shared across seeds; runtime includes AP only on first seed
5cdb014c,2026-04-28T19:31:18+00:00,rep_v1_baseline,ikmeans,"{""min_cluster_size"": 119, ""n_init"": 1, ""init_source"": ""AP_top_k_by_scatter_pct"", ""n_ap_retained"": 8}",17342,8,train_20pct_seed=17341,23842,95368,0.1073,2.293,1699.87,0.1091,2.3062,6768.52,0.029,,AP extraction shared across seeds; runtime includes AP only on first seed
ee101f33,2026-04-28T19:31:19+00:00,rep_v1_baseline,ikmeans,"{""min_cluster_size"": 119, ""n_init"": 1, ""init_source"": ""AP_top_k_by_scatter_pct"", ""n_ap_retained"": 8}",17343,8,train_20pct_seed=17341,23842,95368,0.1062,2.293,1699.87,0.1091,2.3062,6768.52,0.029,,AP extraction shared across seeds; runtime includes AP only on first seed
c25c27b2,2026-04-28T19:31:19+00:00,rep_v1_baseline,ikmeans,"{""min_cluster_size"": 119, ""n_init"": 1, ""init_source"": ""AP_top_k_by_scatter_pct"", ""n_ap_retained"": 8}",17344,8,train_20pct_seed=17341,23842,95368,0.1123,2.293,1699.87,0.1071,2.3062,6768.52,0.03,,AP extraction shared across seeds; runtime includes AP only on first seed
c8225f5f,2026-04-28T19:31:19+00:00,rep_v1_baseline,ikmeans,"{""min_cluster_size"": 119, ""n_init"": 1, ""init_source"": ""AP_top_k_by_scatter_pct"", ""n_ap_retained"": 8}",17345,8,train_20pct_seed=17341,23842,95368,0.1113,2.293,1699.87,0.1117,2.3062,6768.52,0.03,,AP extraction shared across seeds; runtime includes AP only on first seed
70e44f10,2026-04-28T19:31:20+00:00,rep_v1_baseline,ikmeans,"{""min_cluster_size"": 119, ""n_init"": 1, ""init_source"": ""AP_top_k_by_scatter_pct"", ""n_ap_retained"": 8}",17346,8,train_20pct_seed=17341,23842,95368,0.1082,2.293,1699.87,0.1072,2.3062,6768.52,0.028,,AP extraction shared across seeds; runtime includes AP only on first seed
5aaaf463,2026-04-28T19:31:20+00:00,rep_v1_baseline,ikmeans,"{""min_cluster_size"": 119, ""n_init"": 1, ""init_source"": ""AP_top_k_by_scatter_pct"", ""n_ap_retained"": 8}",17347,8,train_20pct_seed=17341,23842,95368,0.1096,2.293,1699.87,0.1087,2.3062,6768.52,0.03,,AP extraction shared across seeds; runtime includes AP only on first seed
91d56fd1,2026-04-28T19:31:21+00:00,rep_v1_baseline,ikmeans,"{""min_cluster_size"": 119, ""n_init"": 1, ""init_source"": ""AP_top_k_by_scatter_pct"", ""n_ap_retained"": 8}",17348,8,train_20pct_seed=17341,23842,95368,0.11,2.293,1699.87,0.1081,2.3062,6768.52,0.03,,AP extraction shared across seeds; runtime includes AP only on first seed
1cffe4aa,2026-04-28T19:31:21+00:00,rep_v1_baseline,ikmeans,"{""min_cluster_size"": 119, ""n_init"": 1, ""init_source"": ""AP_top_k_by_scatter_pct"", ""n_ap_retained"": 8}",17349,8,train_20pct_seed=17341,23842,95368,0.1092,2.293,1699.87,0.1092,2.3062,6768.52,0.03,,AP extraction shared across seeds; runtime includes AP only on first seed
ee7fe0b9,2026-04-28T19:31:22+00:00,rep_v1_baseline,ikmeans,"{""min_cluster_size"": 119, ""n_init"": 1, ""init_source"": ""AP_top_k_by_scatter_pct"", ""n_ap_retained"": 8}",17350,8,train_20pct_seed=17341,23842,95368,0.1082,2.293,1699.87,0.1113,2.3062,6768.52,0.028,,AP extraction shared across seeds; runtime includes AP only on first seed
d841af39,2026-04-30T17:03:02+00:00,rep_v1_baseline,kmeans,"{""init"": ""k-means++"", ""n_init"": 10}",17341,3,train_20pct_seed=17341,23842,95368,0.0852,2.6462,1700.38,0.0798,2.6588,6700.86,0.249,,
b9d4ebf7,2026-04-30T17:03:02+00:00,rep_v1_baseline,kmeans,"{""init"": ""k-means++"", ""n_init"": 10}",17342,3,train_20pct_seed=17341,23842,95368,0.085,2.6421,1700.36,0.077,2.6542,6699.4,0.2,,
365abfd1,2026-04-30T17:03:03+00:00,rep_v1_baseline,kmeans,"{""init"": ""k-means++"", ""n_init"": 10}",17343,3,train_20pct_seed=17341,23842,95368,0.0704,3.0086,1527.7,0.0678,3.0025,5989.95,0.264,,
13d72166,2026-04-30T17:03:04+00:00,rep_v1_baseline,kmeans,"{""init"": ""k-means++"", ""n_init"": 10}",17344,3,train_20pct_seed=17341,23842,95368,0.0788,2.687,1706.47,0.0799,2.6928,6702.31,0.263,,
fc37a8bf,2026-04-30T17:03:04+00:00,rep_v1_baseline,kmeans,"{""init"": ""k-means++"", ""n_init"": 10}",17345,3,train_20pct_seed=17341,23842,95368,0.0804,2.6867,1706.49,0.0808,2.6929,6702.52,0.251,,
efb9d968,2026-04-30T17:03:05+00:00,rep_v1_baseline,kmeans,"{""init"": ""k-means++"", ""n_init"": 10}",17346,3,train_20pct_seed=17341,23842,95368,0.074,2.9225,1560.9,0.0703,2.9308,6064.39,0.195,,
975e40e8,2026-04-30T17:03:06+00:00,rep_v1_baseline,kmeans,"{""init"": ""k-means++"", ""n_init"": 10}",17347,3,train_20pct_seed=17341,23842,95368,0.0817,2.7377,1674.1,0.085,2.7364,6647.07,0.203,,
60ae7126,2026-04-30T17:03:07+00:00,rep_v1_baseline,kmeans,"{""init"": ""k-means++"", ""n_init"": 10}",17348,3,train_20pct_seed=17341,23842,95368,0.085,2.6432,1700.34,0.0863,2.6552,6699.06,0.263,,
d41036ea,2026-04-30T17:03:07+00:00,rep_v1_baseline,kmeans,"{""init"": ""k-means++"", ""n_init"": 10}",17349,3,train_20pct_seed=17341,23842,95368,0.0838,2.645,1700.4,0.0813,2.6589,6701.16,0.196,,
4626033d,2026-04-30T17:03:08+00:00,rep_v1_baseline,kmeans,"{""init"": ""k-means++"", ""n_init"": 10}",17350,3,train_20pct_seed=17341,23842,95368,0.0706,3.0085,1527.71,0.0664,3.0024,5990.36,0.2,,
de6088cc,2026-04-30T17:03:09+00:00,rep_v1_baseline,kmeans,"{""init"": ""k-means++"", ""n_init"": 10}",17341,4,train_20pct_seed=17341,23842,95368,0.08,2.5381,1651.7,0.0722,2.5389,6519.37,0.316,,
3c8239b7,2026-04-30T17:03:09+00:00,rep_v1_baseline,kmeans,"{""init"": ""k-means++"", ""n_init"": 10}",17342,4,train_20pct_seed=17341,23842,95368,0.0776,2.5385,1651.71,0.069,2.5397,6519.01,0.229,,
f496310f,2026-04-30T17:03:10+00:00,rep_v1_baseline,kmeans,"{""init"": ""k-means++"", ""n_init"": 10}",17343,4,train_20pct_seed=17341,23842,95368,0.0761,2.5387,1651.64,0.0757,2.5404,6517.35,0.244,,
f704974e,2026-04-30T17:03:11+00:00,rep_v1_baseline,kmeans,"{""init"": ""k-means++"", ""n_init"": 10}",17344,4,train_20pct_seed=17341,23842,95368,0.0862,2.4563,1661.38,0.0858,2.4613,6503.33,0.242,,
571b61d6,2026-04-30T17:03:12+00:00,rep_v1_baseline,kmeans,"{""init"": ""k-means++"", ""n_init"": 10}",17345,4,train_20pct_seed=17341,23842,95368,0.0767,2.5368,1651.7,0.0734,2.538,6519.96,0.258,,
4375ef70,2026-04-30T17:03:12+00:00,rep_v1_baseline,kmeans,"{""init"": ""k-means++"", ""n_init"": 10}",17346,4,train_20pct_seed=17341,23842,95368,0.0951,2.3964,1655.79,0.0919,2.4074,6497.41,0.293,,
7f0f0fbe,2026-04-30T17:03:13+00:00,rep_v1_baseline,kmeans,"{""init"": ""k-means++"", ""n_init"": 10}",17347,4,train_20pct_seed=17341,23842,95368,0.0783,2.5388,1651.7,0.0752,2.5398,6518.91,0.294,,
c88531c2,2026-04-30T17:03:14+00:00,rep_v1_baseline,kmeans,"{""init"": ""k-means++"", ""n_init"": 10}",17348,4,train_20pct_seed=17341,23842,95368,0.0755,2.5377,1651.63,0.0754,2.5392,6518.9,0.346,,
b90645f9,2026-04-30T17:03:15+00:00,rep_v1_baseline,kmeans,"{""init"": ""k-means++"", ""n_init"": 10}",17349,4,train_20pct_seed=17341,23842,95368,0.0745,2.5386,1651.62,0.072,2.5404,6517.32,0.308,,
a5c22f1e,2026-04-30T17:03:16+00:00,rep_v1_baseline,kmeans,"{""init"": ""k-means++"", ""n_init"": 10}",17350,4,train_20pct_seed=17341,23842,95368,0.0763,2.5393,1651.64,0.0712,2.5406,6517.78,0.297,,
f5a8ed25,2026-04-30T17:03:16+00:00,rep_v1_baseline,kmeans,"{""init"": ""k-means++"", ""n_init"": 10}",17341,5,train_20pct_seed=17341,23842,95368,0.0928,2.3338,1567.95,0.088,2.3342,6207.81,0.258,,
916a7b74,2026-04-30T17:03:17+00:00,rep_v1_baseline,kmeans,"{""init"": ""k-means++"", ""n_init"": 10}",17342,5,train_20pct_seed=17341,23842,95368,0.0767,2.0969,1668.79,0.0681,2.108,6260.87,0.31,,
bb3e3085,2026-04-30T17:03:18+00:00,rep_v1_baseline,kmeans,"{""init"": ""k-means++"", ""n_init"": 10}",17343,5,train_20pct_seed=17341,23842,95368,0.0755,2.0969,1668.79,0.0754,2.1079,6260.94,0.276,,
070b27fd,2026-04-30T17:03:19+00:00,rep_v1_baseline,kmeans,"{""init"": ""k-means++"", ""n_init"": 10}",17344,5,train_20pct_seed=17341,23842,95368,0.0728,2.0969,1668.8,0.0738,2.1075,6262.22,0.26,,
2ec1242f,2026-04-30T17:03:19+00:00,rep_v1_baseline,kmeans,"{""init"": ""k-means++"", ""n_init"": 10}",17345,5,train_20pct_seed=17341,23842,95368,0.0843,2.4307,1581.71,0.0817,2.4356,6211.79,0.302,,
39c3e3f5,2026-04-30T17:03:20+00:00,rep_v1_baseline,kmeans,"{""init"": ""k-means++"", ""n_init"": 10}",17346,5,train_20pct_seed=17341,23842,95368,0.0899,2.0058,1674.21,0.0878,2.0236,6251.28,0.284,,
f8465456,2026-04-30T17:03:21+00:00,rep_v1_baseline,kmeans,"{""init"": ""k-means++"", ""n_init"": 10}",17347,5,train_20pct_seed=17341,23842,95368,0.1019,2.0402,1620.1,0.0997,2.0523,6405.07,0.312,,
7c42243c,2026-04-30T17:03:22+00:00,rep_v1_baseline,kmeans,"{""init"": ""k-means++"", ""n_init"": 10}",17348,5,train_20pct_seed=17341,23842,95368,0.074,2.097,1668.79,0.0746,2.108,6260.91,0.313,,
5850dcb7,2026-04-30T17:03:22+00:00,rep_v1_baseline,kmeans,"{""init"": ""k-means++"", ""n_init"": 10}",17349,5,train_20pct_seed=17341,23842,95368,0.0891,2.0065,1674.28,0.0895,2.0247,6250.48,0.255,,
e5755002,2026-04-30T17:03:23+00:00,rep_v1_baseline,kmeans,"{""init"": ""k-means++"", ""n_init"": 10}",17350,5,train_20pct_seed=17341,23842,95368,0.0753,2.0979,1668.82,0.0706,2.1082,6262.11,0.27,,
8b849ad2,2026-04-30T17:03:24+00:00,rep_v1_baseline,kmeans,"{""init"": ""k-means++"", ""n_init"": 10}",17341,6,train_20pct_seed=17341,23842,95368,0.0867,2.3078,1511.37,0.0825,2.293,5934.87,0.288,,
d6526328,2026-04-30T17:03:25+00:00,rep_v1_baseline,kmeans,"{""init"": ""k-means++"", ""n_init"": 10}",17342,6,train_20pct_seed=17341,23842,95368,0.0855,2.0242,1667.87,0.0762,2.0307,6252.19,0.311,,
d6a92edd,2026-04-30T17:03:25+00:00,rep_v1_baseline,kmeans,"{""init"": ""k-means++"", ""n_init"": 10}",17343,6,train_20pct_seed=17341,23842,95368,0.0846,2.024,1667.87,0.0827,2.0304,6252.63,0.312,,
ec9c889d,2026-04-30T17:03:26+00:00,rep_v1_baseline,kmeans,"{""init"": ""k-means++"", ""n_init"": 10}",17344,6,train_20pct_seed=17341,23842,95368,0.0924,2.115,1590.07,0.0889,2.1187,6285.8,0.272,,
cb94cc2b,2026-04-30T17:03:27+00:00,rep_v1_baseline,kmeans,"{""init"": ""k-means++"", ""n_init"": 10}",17345,6,train_20pct_seed=17341,23842,95368,0.0844,2.0244,1667.87,0.0811,2.0307,6252.15,0.302,,
cee7cd46,2026-04-30T17:03:28+00:00,rep_v1_baseline,kmeans,"{""init"": ""k-means++"", ""n_init"": 10}",17346,6,train_20pct_seed=17341,23842,95368,0.0906,2.2587,1502.92,0.0856,2.2529,5926.42,0.308,,
314d4998,2026-04-30T17:03:29+00:00,rep_v1_baseline,kmeans,"{""init"": ""k-means++"", ""n_init"": 10}",17347,6,train_20pct_seed=17341,23842,95368,0.101,2.1496,1570.94,0.0981,2.1508,6172.54,0.302,,
32b8a355,2026-04-30T17:03:29+00:00,rep_v1_baseline,kmeans,"{""init"": ""k-means++"", ""n_init"": 10}",17348,6,train_20pct_seed=17341,23842,95368,0.083,2.3078,1511.37,0.0834,2.293,5934.87,0.283,,
c643e63c,2026-04-30T17:03:30+00:00,rep_v1_baseline,kmeans,"{""init"": ""k-means++"", ""n_init"": 10}",17349,6,train_20pct_seed=17341,23842,95368,0.0765,2.0998,1559.76,0.0738,2.1141,5834.71,0.352,,
2bbf5e0a,2026-04-30T17:03:31+00:00,rep_v1_baseline,kmeans,"{""init"": ""k-means++"", ""n_init"": 10}",17350,6,train_20pct_seed=17341,23842,95368,0.0879,1.9959,1631.96,0.086,2.0057,6170.81,0.276,,
61ca9c3c,2026-04-30T17:03:32+00:00,rep_v1_baseline,kmeans,"{""init"": ""k-means++"", ""n_init"": 10}",17341,7,train_20pct_seed=17341,23842,95368,0.0886,1.9788,1581.44,0.0853,1.9815,5989.78,0.296,,
fa849fea,2026-04-30T17:03:32+00:00,rep_v1_baseline,kmeans,"{""init"": ""k-means++"", ""n_init"": 10}",17342,7,train_20pct_seed=17341,23842,95368,0.0916,1.853,1676.19,0.0841,1.8619,6358.76,0.348,,
21a57767,2026-04-30T17:03:33+00:00,rep_v1_baseline,kmeans,"{""init"": ""k-means++"", ""n_init"": 10}",17343,7,train_20pct_seed=17341,23842,95368,0.087,1.9814,1588.34,0.0901,1.9835,6006.65,0.336,,
1650a160,2026-04-30T17:03:34+00:00,rep_v1_baseline,kmeans,"{""init"": ""k-means++"", ""n_init"": 10}",17344,7,train_20pct_seed=17341,23842,95368,0.0812,2.0275,1588.59,0.082,2.0243,5994.92,0.281,,
c3948a17,2026-04-30T17:03:35+00:00,rep_v1_baseline,kmeans,"{""init"": ""k-means++"", ""n_init"": 10}",17345,7,train_20pct_seed=17341,23842,95368,0.0914,2.003,1612.75,0.0879,2.0106,6080.24,0.371,,
30166c8c,2026-04-30T17:03:36+00:00,rep_v1_baseline,kmeans,"{""init"": ""k-means++"", ""n_init"": 10}",17346,7,train_20pct_seed=17341,23842,95368,0.0972,1.9805,1604.14,0.098,1.9865,6308.42,0.287,,
cdfdd08a,2026-04-30T17:03:36+00:00,rep_v1_baseline,kmeans,"{""init"": ""k-means++"", ""n_init"": 10}",17347,7,train_20pct_seed=17341,23842,95368,0.0871,1.9788,1581.44,0.0859,1.9815,5989.76,0.259,,
8d1fcf20,2026-04-30T17:03:37+00:00,rep_v1_baseline,kmeans,"{""init"": ""k-means++"", ""n_init"": 10}",17348,7,train_20pct_seed=17341,23842,95368,0.0968,1.7837,1672.68,0.0994,1.7938,6377.57,0.298,,
baac362f,2026-04-30T17:03:38+00:00,rep_v1_baseline,kmeans,"{""init"": ""k-means++"", ""n_init"": 10}",17349,7,train_20pct_seed=17341,23842,95368,0.0854,1.8537,1576.79,0.0804,1.8679,5949.46,0.298,,
3de0bbbb,2026-04-30T17:03:39+00:00,rep_v1_baseline,kmeans,"{""init"": ""k-means++"", ""n_init"": 10}",17350,7,train_20pct_seed=17341,23842,95368,0.098,1.7837,1672.68,0.0959,1.7938,6377.57,0.313,,
f96f2cb4,2026-04-30T17:03:39+00:00,rep_v1_baseline,kmeans,"{""init"": ""k-means++"", ""n_init"": 10}",17341,8,train_20pct_seed=17341,23842,95368,0.0921,1.8092,1650.19,0.0866,1.8163,6237.69,0.323,,
06871927,2026-04-30T17:03:40+00:00,rep_v1_baseline,kmeans,"{""init"": ""k-means++"", ""n_init"": 10}",17342,8,train_20pct_seed=17341,23842,95368,0.0949,1.7957,1646.78,0.0883,1.7997,6281.76,0.357,,
ffdf88ce,2026-04-30T17:03:41+00:00,rep_v1_baseline,kmeans,"{""init"": ""k-means++"", ""n_init"": 10}",17343,8,train_20pct_seed=17341,23842,95368,0.0934,1.8361,1650.42,0.0925,1.8312,6270.92,0.299,,
5b86b705,2026-04-30T17:03:42+00:00,rep_v1_baseline,kmeans,"{""init"": ""k-means++"", ""n_init"": 10}",17344,8,train_20pct_seed=17341,23842,95368,0.0961,1.7938,1646.68,0.0974,1.7988,6282.03,0.309,,
ea92bef5,2026-04-30T17:03:43+00:00,rep_v1_baseline,kmeans,"{""init"": ""k-means++"", ""n_init"": 10}",17345,8,train_20pct_seed=17341,23842,95368,0.1,1.8114,1666.55,0.0979,1.8187,6331.9,0.338,,
fde2069f,2026-04-30T17:03:43+00:00,rep_v1_baseline,kmeans,"{""init"": ""k-means++"", ""n_init"": 10}",17346,8,train_20pct_seed=17341,23842,95368,0.0977,1.8743,1622.42,0.0962,1.8768,6127.13,0.303,,
9698fb24,2026-04-30T17:03:44+00:00,rep_v1_baseline,kmeans,"{""init"": ""k-means++"", ""n_init"": 10}",17347,8,train_20pct_seed=17341,23842,95368,0.0967,1.8117,1666.36,0.0945,1.8194,6330.52,0.319,,
83099019,2026-04-30T17:03:45+00:00,rep_v1_baseline,kmeans,"{""init"": ""k-means++"", ""n_init"": 10}",17348,8,train_20pct_seed=17341,23842,95368,0.0967,1.8845,1617.14,0.0949,1.8876,6115.18,0.349,,
21c9363a,2026-04-30T17:03:46+00:00,rep_v1_baseline,kmeans,"{""init"": ""k-means++"", ""n_init"": 10}",17349,8,train_20pct_seed=17341,23842,95368,0.1007,1.7716,1709.39,0.0957,1.7825,6468.13,0.332,,
b56e4137,2026-04-30T17:03:46+00:00,rep_v1_baseline,kmeans,"{""init"": ""k-means++"", ""n_init"": 10}",17350,8,train_20pct_seed=17341,23842,95368,0.1061,1.8895,1576.84,0.1057,1.8902,6223.9,0.316,,
c90a39ef,2026-04-30T17:03:48+00:00,rep_v1_baseline,ikmeans,"{""min_cluster_size"": 119, ""n_init"": 1, ""init_source"": ""AP_top_k_by_scatter_pct"", ""n_ap_retained"": 8}",17341,3,train_20pct_seed=17341,23842,95368,0.124,2.5245,2465.65,0.1269,2.5242,9810.26,0.681,,AP extraction shared across seeds; runtime includes AP only on first seed
fd060df9,2026-04-30T17:03:48+00:00,rep_v1_baseline,ikmeans,"{""min_cluster_size"": 119, ""n_init"": 1, ""init_source"": ""AP_top_k_by_scatter_pct"", ""n_ap_retained"": 8}",17342,3,train_20pct_seed=17341,23842,95368,0.1242,2.5245,2465.65,0.1264,2.5242,9810.26,0.033,,AP extraction shared across seeds; runtime includes AP only on first seed
2811a62a,2026-04-30T17:03:49+00:00,rep_v1_baseline,ikmeans,"{""min_cluster_size"": 119, ""n_init"": 1, ""init_source"": ""AP_top_k_by_scatter_pct"", ""n_ap_retained"": 8}",17343,3,train_20pct_seed=17341,23842,95368,0.1277,2.5245,2465.65,0.1287,2.5242,9810.26,0.031,,AP extraction shared across seeds; runtime includes AP only on first seed
f7dca472,2026-04-30T17:03:49+00:00,rep_v1_baseline,ikmeans,"{""min_cluster_size"": 119, ""n_init"": 1, ""init_source"": ""AP_top_k_by_scatter_pct"", ""n_ap_retained"": 8}",17344,3,train_20pct_seed=17341,23842,95368,0.1294,2.5245,2465.65,0.1257,2.5242,9810.26,0.039,,AP extraction shared across seeds; runtime includes AP only on first seed
f97e9d3a,2026-04-30T17:03:50+00:00,rep_v1_baseline,ikmeans,"{""min_cluster_size"": 119, ""n_init"": 1, ""init_source"": ""AP_top_k_by_scatter_pct"", ""n_ap_retained"": 8}",17345,3,train_20pct_seed=17341,23842,95368,0.1291,2.5245,2465.65,0.1259,2.5242,9810.26,0.031,,AP extraction shared across seeds; runtime includes AP only on first seed
2cc9b0ec,2026-04-30T17:03:50+00:00,rep_v1_baseline,ikmeans,"{""min_cluster_size"": 119, ""n_init"": 1, ""init_source"": ""AP_top_k_by_scatter_pct"", ""n_ap_retained"": 8}",17346,3,train_20pct_seed=17341,23842,95368,0.1282,2.5245,2465.65,0.1257,2.5242,9810.26,0.031,,AP extraction shared across seeds; runtime includes AP only on first seed
96bfafce,2026-04-30T17:03:51+00:00,rep_v1_baseline,ikmeans,"{""min_cluster_size"": 119, ""n_init"": 1, ""init_source"": ""AP_top_k_by_scatter_pct"", ""n_ap_retained"": 8}",17347,3,train_20pct_seed=17341,23842,95368,0.1264,2.5245,2465.65,0.126,2.5242,9810.26,0.033,,AP extraction shared across seeds; runtime includes AP only on first seed
0e19ebdb,2026-04-30T17:03:51+00:00,rep_v1_baseline,ikmeans,"{""min_cluster_size"": 119, ""n_init"": 1, ""init_source"": ""AP_top_k_by_scatter_pct"", ""n_ap_retained"": 8}",17348,3,train_20pct_seed=17341,23842,95368,0.1257,2.5245,2465.65,0.1268,2.5242,9810.26,0.032,,AP extraction shared across seeds; runtime includes AP only on first seed
9b2b8d37,2026-04-30T17:03:52+00:00,rep_v1_baseline,ikmeans,"{""min_cluster_size"": 119, ""n_init"": 1, ""init_source"": ""AP_top_k_by_scatter_pct"", ""n_ap_retained"": 8}",17349,3,train_20pct_seed=17341,23842,95368,0.1275,2.5245,2465.65,0.1259,2.5242,9810.26,0.032,,AP extraction shared across seeds; runtime includes AP only on first seed
eb52fdfb,2026-04-30T17:03:52+00:00,rep_v1_baseline,ikmeans,"{""min_cluster_size"": 119, ""n_init"": 1, ""init_source"": ""AP_top_k_by_scatter_pct"", ""n_ap_retained"": 8}",17350,3,train_20pct_seed=17341,23842,95368,0.1274,2.5245,2465.65,0.1274,2.5242,9810.26,0.031,,AP extraction shared across seeds; runtime includes AP only on first seed
a3a1d1d6,2026-04-30T17:03:53+00:00,rep_v1_baseline,ikmeans,"{""min_cluster_size"": 119, ""n_init"": 1, ""init_source"": ""AP_top_k_by_scatter_pct"", ""n_ap_retained"": 8}",17341,4,train_20pct_seed=17341,23842,95368,0.1198,2.3708,2368.54,0.1226,2.3701,9483.2,0.68,,AP extraction shared across seeds; runtime includes AP only on first seed
b707be30,2026-04-30T17:03:53+00:00,rep_v1_baseline,ikmeans,"{""min_cluster_size"": 119, ""n_init"": 1, ""init_source"": ""AP_top_k_by_scatter_pct"", ""n_ap_retained"": 8}",17342,4,train_20pct_seed=17341,23842,95368,0.1192,2.3708,2368.54,0.122,2.3701,9483.2,0.032,,AP extraction shared across seeds; runtime includes AP only on first seed
87d82aca,2026-04-30T17:03:54+00:00,rep_v1_baseline,ikmeans,"{""min_cluster_size"": 119, ""n_init"": 1, ""init_source"": ""AP_top_k_by_scatter_pct"", ""n_ap_retained"": 8}",17343,4,train_20pct_seed=17341,23842,95368,0.1221,2.3708,2368.54,0.1241,2.3701,9483.2,0.032,,AP extraction shared across seeds; runtime includes AP only on first seed
a14c6351,2026-04-30T17:03:54+00:00,rep_v1_baseline,ikmeans,"{""min_cluster_size"": 119, ""n_init"": 1, ""init_source"": ""AP_top_k_by_scatter_pct"", ""n_ap_retained"": 8}",17344,4,train_20pct_seed=17341,23842,95368,0.1248,2.3708,2368.54,0.1212,2.3701,9483.2,0.031,,AP extraction shared across seeds; runtime includes AP only on first seed
346b7083,2026-04-30T17:03:55+00:00,rep_v1_baseline,ikmeans,"{""min_cluster_size"": 119, ""n_init"": 1, ""init_source"": ""AP_top_k_by_scatter_pct"", ""n_ap_retained"": 8}",17345,4,train_20pct_seed=17341,23842,95368,0.1223,2.3708,2368.54,0.1232,2.3701,9483.2,0.038,,AP extraction shared across seeds; runtime includes AP only on first seed
51af7e8e,2026-04-30T17:03:55+00:00,rep_v1_baseline,ikmeans,"{""min_cluster_size"": 119, ""n_init"": 1, ""init_source"": ""AP_top_k_by_scatter_pct"", ""n_ap_retained"": 8}",17346,4,train_20pct_seed=17341,23842,95368,0.1245,2.3708,2368.54,0.1206,2.3701,9483.2,0.034,,AP extraction shared across seeds; runtime includes AP only on first seed
5173cb46,2026-04-30T17:03:56+00:00,rep_v1_baseline,ikmeans,"{""min_cluster_size"": 119, ""n_init"": 1, ""init_source"": ""AP_top_k_by_scatter_pct"", ""n_ap_retained"": 8}",17347,4,train_20pct_seed=17341,23842,95368,0.1221,2.3708,2368.54,0.1213,2.3701,9483.2,0.033,,AP extraction shared across seeds; runtime includes AP only on first seed
d9e2b690,2026-04-30T17:03:56+00:00,rep_v1_baseline,ikmeans,"{""min_cluster_size"": 119, ""n_init"": 1, ""init_source"": ""AP_top_k_by_scatter_pct"", ""n_ap_retained"": 8}",17348,4,train_20pct_seed=17341,23842,95368,0.1206,2.3708,2368.54,0.1207,2.3701,9483.2,0.035,,AP extraction shared across seeds; runtime includes AP only on first seed
e922be72,2026-04-30T17:03:57+00:00,rep_v1_baseline,ikmeans,"{""min_cluster_size"": 119, ""n_init"": 1, ""init_source"": ""AP_top_k_by_scatter_pct"", ""n_ap_retained"": 8}",17349,4,train_20pct_seed=17341,23842,95368,0.1219,2.3708,2368.54,0.1215,2.3701,9483.2,0.032,,AP extraction shared across seeds; runtime includes AP only on first seed
aa04b20b,2026-04-30T17:03:57+00:00,rep_v1_baseline,ikmeans,"{""min_cluster_size"": 119, ""n_init"": 1, ""init_source"": ""AP_top_k_by_scatter_pct"", ""n_ap_retained"": 8}",17350,4,train_20pct_seed=17341,23842,95368,0.1223,2.3708,2368.54,0.1226,2.3701,9483.2,0.033,,AP extraction shared across seeds; runtime includes AP only on first seed
3a613b94,2026-04-30T17:03:57+00:00,rep_v1_baseline,ikmeans,"{""min_cluster_size"": 119, ""n_init"": 1, ""init_source"": ""AP_top_k_by_scatter_pct"", ""n_ap_retained"": 8}",17341,5,train_20pct_seed=17341,23842,95368,0.1205,2.3729,2209.63,0.1202,2.3744,8805.96,0.68,,AP extraction shared across seeds; runtime includes AP only on first seed
f64aaa6a,2026-04-30T17:03:58+00:00,rep_v1_baseline,ikmeans,"{""min_cluster_size"": 119, ""n_init"": 1, ""init_source"": ""AP_top_k_by_scatter_pct"", ""n_ap_retained"": 8}",17342,5,train_20pct_seed=17341,23842,95368,0.1186,2.3729,2209.63,0.1226,2.3744,8805.96,0.039,,AP extraction shared across seeds; runtime includes AP only on first seed
8d968e55,2026-04-30T17:03:58+00:00,rep_v1_baseline,ikmeans,"{""min_cluster_size"": 119, ""n_init"": 1, ""init_source"": ""AP_top_k_by_scatter_pct"", ""n_ap_retained"": 8}",17343,5,train_20pct_seed=17341,23842,95368,0.1225,2.3729,2209.63,0.1195,2.3744,8805.96,0.031,,AP extraction shared across seeds; runtime includes AP only on first seed
e76b753c,2026-04-30T17:03:59+00:00,rep_v1_baseline,ikmeans,"{""min_cluster_size"": 119, ""n_init"": 1, ""init_source"": ""AP_top_k_by_scatter_pct"", ""n_ap_retained"": 8}",17344,5,train_20pct_seed=17341,23842,95368,0.1248,2.3729,2209.63,0.1188,2.3744,8805.96,0.031,,AP extraction shared across seeds; runtime includes AP only on first seed
50ba7a8f,2026-04-30T17:03:59+00:00,rep_v1_baseline,ikmeans,"{""min_cluster_size"": 119, ""n_init"": 1, ""init_source"": ""AP_top_k_by_scatter_pct"", ""n_ap_retained"": 8}",17345,5,train_20pct_seed=17341,23842,95368,0.1224,2.3729,2209.63,0.1226,2.3744,8805.96,0.029,,AP extraction shared across seeds; runtime includes AP only on first seed
4d7ba034,2026-04-30T17:04:00+00:00,rep_v1_baseline,ikmeans,"{""min_cluster_size"": 119, ""n_init"": 1, ""init_source"": ""AP_top_k_by_scatter_pct"", ""n_ap_retained"": 8}",17346,5,train_20pct_seed=17341,23842,95368,0.1201,2.3729,2209.63,0.1187,2.3744,8805.96,0.028,,AP extraction shared across seeds; runtime includes AP only on first seed
d6d07358,2026-04-30T17:04:00+00:00,rep_v1_baseline,ikmeans,"{""min_cluster_size"": 119, ""n_init"": 1, ""init_source"": ""AP_top_k_by_scatter_pct"", ""n_ap_retained"": 8}",17347,5,train_20pct_seed=17341,23842,95368,0.1218,2.3729,2209.63,0.1194,2.3744,8805.96,0.028,,AP extraction shared across seeds; runtime includes AP only on first seed
39cf94b1,2026-04-30T17:04:01+00:00,rep_v1_baseline,ikmeans,"{""min_cluster_size"": 119, ""n_init"": 1, ""init_source"": ""AP_top_k_by_scatter_pct"", ""n_ap_retained"": 8}",17348,5,train_20pct_seed=17341,23842,95368,0.1197,2.3729,2209.63,0.1182,2.3744,8805.96,0.029,,AP extraction shared across seeds; runtime includes AP only on first seed
4f3f9c73,2026-04-30T17:04:01+00:00,rep_v1_baseline,ikmeans,"{""min_cluster_size"": 119, ""n_init"": 1, ""init_source"": ""AP_top_k_by_scatter_pct"", ""n_ap_retained"": 8}",17349,5,train_20pct_seed=17341,23842,95368,0.1202,2.3729,2209.63,0.117,2.3744,8805.96,0.032,,AP extraction shared across seeds; runtime includes AP only on first seed
34a54f63,2026-04-30T17:04:02+00:00,rep_v1_baseline,ikmeans,"{""min_cluster_size"": 119, ""n_init"": 1, ""init_source"": ""AP_top_k_by_scatter_pct"", ""n_ap_retained"": 8}",17350,5,train_20pct_seed=17341,23842,95368,0.1204,2.3729,2209.63,0.1224,2.3744,8805.96,0.033,,AP extraction shared across seeds; runtime includes AP only on first seed
c9b47774,2026-04-30T17:04:02+00:00,rep_v1_baseline,ikmeans,"{""min_cluster_size"": 119, ""n_init"": 1, ""init_source"": ""AP_top_k_by_scatter_pct"", ""n_ap_retained"": 8}",17341,6,train_20pct_seed=17341,23842,95368,0.1238,2.1902,2139.56,0.125,2.1907,8552.86,0.676,,AP extraction shared across seeds; runtime includes AP only on first seed
bd256bad,2026-04-30T17:04:03+00:00,rep_v1_baseline,ikmeans,"{""min_cluster_size"": 119, ""n_init"": 1, ""init_source"": ""AP_top_k_by_scatter_pct"", ""n_ap_retained"": 8}",17342,6,train_20pct_seed=17341,23842,95368,0.1218,2.1902,2139.56,0.1257,2.1907,8552.86,0.026,,AP extraction shared across seeds; runtime includes AP only on first seed
b0d44b1e,2026-04-30T17:04:03+00:00,rep_v1_baseline,ikmeans,"{""min_cluster_size"": 119, ""n_init"": 1, ""init_source"": ""AP_top_k_by_scatter_pct"", ""n_ap_retained"": 8}",17343,6,train_20pct_seed=17341,23842,95368,0.1237,2.1902,2139.56,0.1257,2.1907,8552.86,0.027,,AP extraction shared across seeds; runtime includes AP only on first seed
afc0207d,2026-04-30T17:04:04+00:00,rep_v1_baseline,ikmeans,"{""min_cluster_size"": 119, ""n_init"": 1, ""init_source"": ""AP_top_k_by_scatter_pct"", ""n_ap_retained"": 8}",17344,6,train_20pct_seed=17341,23842,95368,0.1282,2.1902,2139.56,0.1235,2.1907,8552.86,0.027,,AP extraction shared across seeds; runtime includes AP only on first seed
16e90a0b,2026-04-30T17:04:04+00:00,rep_v1_baseline,ikmeans,"{""min_cluster_size"": 119, ""n_init"": 1, ""init_source"": ""AP_top_k_by_scatter_pct"", ""n_ap_retained"": 8}",17345,6,train_20pct_seed=17341,23842,95368,0.1271,2.1902,2139.56,0.1281,2.1907,8552.86,0.029,,AP extraction shared across seeds; runtime includes AP only on first seed
1cefd71c,2026-04-30T17:04:04+00:00,rep_v1_baseline,ikmeans,"{""min_cluster_size"": 119, ""n_init"": 1, ""init_source"": ""AP_top_k_by_scatter_pct"", ""n_ap_retained"": 8}",17346,6,train_20pct_seed=17341,23842,95368,0.1234,2.1902,2139.56,0.1236,2.1907,8552.86,0.027,,AP extraction shared across seeds; runtime includes AP only on first seed
37c359dc,2026-04-30T17:04:05+00:00,rep_v1_baseline,ikmeans,"{""min_cluster_size"": 119, ""n_init"": 1, ""init_source"": ""AP_top_k_by_scatter_pct"", ""n_ap_retained"": 8}",17347,6,train_20pct_seed=17341,23842,95368,0.1255,2.1902,2139.56,0.1242,2.1907,8552.86,0.028,,AP extraction shared across seeds; runtime includes AP only on first seed
968153ec,2026-04-30T17:04:05+00:00,rep_v1_baseline,ikmeans,"{""min_cluster_size"": 119, ""n_init"": 1, ""init_source"": ""AP_top_k_by_scatter_pct"", ""n_ap_retained"": 8}",17348,6,train_20pct_seed=17341,23842,95368,0.1244,2.1902,2139.56,0.1236,2.1907,8552.86,0.026,,AP extraction shared across seeds; runtime includes AP only on first seed
e0e0cd87,2026-04-30T17:04:06+00:00,rep_v1_baseline,ikmeans,"{""min_cluster_size"": 119, ""n_init"": 1, ""init_source"": ""AP_top_k_by_scatter_pct"", ""n_ap_retained"": 8}",17349,6,train_20pct_seed=17341,23842,95368,0.1251,2.1902,2139.56,0.1234,2.1907,8552.86,0.028,,AP extraction shared across seeds; runtime includes AP only on first seed
2b06ccaa,2026-04-30T17:04:06+00:00,rep_v1_baseline,ikmeans,"{""min_cluster_size"": 119, ""n_init"": 1, ""init_source"": ""AP_top_k_by_scatter_pct"", ""n_ap_retained"": 8}",17350,6,train_20pct_seed=17341,23842,95368,0.1241,2.1902,2139.56,0.1252,2.1907,8552.86,0.025,,AP extraction shared across seeds; runtime includes AP only on first seed
fbacd54d,2026-04-30T17:04:07+00:00,rep_v1_baseline,ikmeans,"{""min_cluster_size"": 119, ""n_init"": 1, ""init_source"": ""AP_top_k_by_scatter_pct"", ""n_ap_retained"": 8}",17341,7,train_20pct_seed=17341,23842,95368,0.1126,2.1698,1913.18,0.1154,2.1708,7636.24,0.676,,AP extraction shared across seeds; runtime includes AP only on first seed
80ef80ef,2026-04-30T17:04:07+00:00,rep_v1_baseline,ikmeans,"{""min_cluster_size"": 119, ""n_init"": 1, ""init_source"": ""AP_top_k_by_scatter_pct"", ""n_ap_retained"": 8}",17342,7,train_20pct_seed=17341,23842,95368,0.1109,2.1698,1913.18,0.1147,2.1708,7636.24,0.027,,AP extraction shared across seeds; runtime includes AP only on first seed
566ae3a6,2026-04-30T17:04:08+00:00,rep_v1_baseline,ikmeans,"{""min_cluster_size"": 119, ""n_init"": 1, ""init_source"": ""AP_top_k_by_scatter_pct"", ""n_ap_retained"": 8}",17343,7,train_20pct_seed=17341,23842,95368,0.1114,2.1698,1913.18,0.1142,2.1708,7636.24,0.027,,AP extraction shared across seeds; runtime includes AP only on first seed
0b4edc54,2026-04-30T17:04:08+00:00,rep_v1_baseline,ikmeans,"{""min_cluster_size"": 119, ""n_init"": 1, ""init_source"": ""AP_top_k_by_scatter_pct"", ""n_ap_retained"": 8}",17344,7,train_20pct_seed=17341,23842,95368,0.1168,2.1698,1913.18,0.1106,2.1708,7636.24,0.028,,AP extraction shared across seeds; runtime includes AP only on first seed
51dfd204,2026-04-30T17:04:09+00:00,rep_v1_baseline,ikmeans,"{""min_cluster_size"": 119, ""n_init"": 1, ""init_source"": ""AP_top_k_by_scatter_pct"", ""n_ap_retained"": 8}",17345,7,train_20pct_seed=17341,23842,95368,0.116,2.1698,1913.18,0.1156,2.1708,7636.24,0.033,,AP extraction shared across seeds; runtime includes AP only on first seed
c5d2e783,2026-04-30T17:04:09+00:00,rep_v1_baseline,ikmeans,"{""min_cluster_size"": 119, ""n_init"": 1, ""init_source"": ""AP_top_k_by_scatter_pct"", ""n_ap_retained"": 8}",17346,7,train_20pct_seed=17341,23842,95368,0.113,2.1698,1913.18,0.1115,2.1708,7636.24,0.027,,AP extraction shared across seeds; runtime includes AP only on first seed
b1a2615c,2026-04-30T17:04:10+00:00,rep_v1_baseline,ikmeans,"{""min_cluster_size"": 119, ""n_init"": 1, ""init_source"": ""AP_top_k_by_scatter_pct"", ""n_ap_retained"": 8}",17347,7,train_20pct_seed=17341,23842,95368,0.1141,2.1698,1913.18,0.1123,2.1708,7636.24,0.027,,AP extraction shared across seeds; runtime includes AP only on first seed
97bc542c,2026-04-30T17:04:10+00:00,rep_v1_baseline,ikmeans,"{""min_cluster_size"": 119, ""n_init"": 1, ""init_source"": ""AP_top_k_by_scatter_pct"", ""n_ap_retained"": 8}",17348,7,train_20pct_seed=17341,23842,95368,0.1138,2.1698,1913.18,0.1115,2.1708,7636.24,0.03,,AP extraction shared across seeds; runtime includes AP only on first seed
c3c5be26,2026-04-30T17:04:11+00:00,rep_v1_baseline,ikmeans,"{""min_cluster_size"": 119, ""n_init"": 1, ""init_source"": ""AP_top_k_by_scatter_pct"", ""n_ap_retained"": 8}",17349,7,train_20pct_seed=17341,23842,95368,0.1123,2.1698,1913.18,0.1124,2.1708,7636.24,0.028,,AP extraction shared across seeds; runtime includes AP only on first seed
8e7c2d2b,2026-04-30T17:04:11+00:00,rep_v1_baseline,ikmeans,"{""min_cluster_size"": 119, ""n_init"": 1, ""init_source"": ""AP_top_k_by_scatter_pct"", ""n_ap_retained"": 8}",17350,7,train_20pct_seed=17341,23842,95368,0.1125,2.1698,1913.18,0.1146,2.1708,7636.24,0.026,,AP extraction shared across seeds; runtime includes AP only on first seed
fece9db6,2026-04-30T17:04:12+00:00,rep_v1_baseline,ikmeans,"{""min_cluster_size"": 119, ""n_init"": 1, ""init_source"": ""AP_top_k_by_scatter_pct"", ""n_ap_retained"": 8}",17341,8,train_20pct_seed=17341,23842,95368,0.1087,2.293,1699.87,0.1095,2.3062,6768.52,0.677,,AP extraction shared across seeds; runtime includes AP only on first seed
6e22ccb3,2026-04-30T17:04:12+00:00,rep_v1_baseline,ikmeans,"{""min_cluster_size"": 119, ""n_init"": 1, ""init_source"": ""AP_top_k_by_scatter_pct"", ""n_ap_retained"": 8}",17342,8,train_20pct_seed=17341,23842,95368,0.1073,2.293,1699.87,0.1091,2.3062,6768.52,0.03,,AP extraction shared across seeds; runtime includes AP only on first seed
01119a14,2026-04-30T17:04:12+00:00,rep_v1_baseline,ikmeans,"{""min_cluster_size"": 119, ""n_init"": 1, ""init_source"": ""AP_top_k_by_scatter_pct"", ""n_ap_retained"": 8}",17343,8,train_20pct_seed=17341,23842,95368,0.1062,2.293,1699.87,0.1091,2.3062,6768.52,0.029,,AP extraction shared across seeds; runtime includes AP only on first seed
7054bc0d,2026-04-30T17:04:13+00:00,rep_v1_baseline,ikmeans,"{""min_cluster_size"": 119, ""n_init"": 1, ""init_source"": ""AP_top_k_by_scatter_pct"", ""n_ap_retained"": 8}",17344,8,train_20pct_seed=17341,23842,95368,0.1123,2.293,1699.87,0.1071,2.3062,6768.52,0.034,,AP extraction shared across seeds; runtime includes AP only on first seed
f73d7083,2026-04-30T17:04:13+00:00,rep_v1_baseline,ikmeans,"{""min_cluster_size"": 119, ""n_init"": 1, ""init_source"": ""AP_top_k_by_scatter_pct"", ""n_ap_retained"": 8}",17345,8,train_20pct_seed=17341,23842,95368,0.1113,2.293,1699.87,0.1117,2.3062,6768.52,0.029,,AP extraction shared across seeds; runtime includes AP only on first seed
94329e37,2026-04-30T17:04:14+00:00,rep_v1_baseline,ikmeans,"{""min_cluster_size"": 119, ""n_init"": 1, ""init_source"": ""AP_top_k_by_scatter_pct"", ""n_ap_retained"": 8}",17346,8,train_20pct_seed=17341,23842,95368,0.1082,2.293,1699.87,0.1072,2.3062,6768.52,0.028,,AP extraction shared across seeds; runtime includes AP only on first seed
f57a5955,2026-04-30T17:04:14+00:00,rep_v1_baseline,ikmeans,"{""min_cluster_size"": 119, ""n_init"": 1, ""init_source"": ""AP_top_k_by_scatter_pct"", ""n_ap_retained"": 8}",17347,8,train_20pct_seed=17341,23842,95368,0.1096,2.293,1699.87,0.1087,2.3062,6768.52,0.03,,AP extraction shared across seeds; runtime includes AP only on first seed
d681385e,2026-04-30T17:04:15+00:00,rep_v1_baseline,ikmeans,"{""min_cluster_size"": 119, ""n_init"": 1, ""init_source"": ""AP_top_k_by_scatter_pct"", ""n_ap_retained"": 8}",17348,8,train_20pct_seed=17341,23842,95368,0.11,2.293,1699.87,0.1081,2.3062,6768.52,0.03,,AP extraction shared across seeds; runtime includes AP only on first seed
1226d061,2026-04-30T17:04:15+00:00,rep_v1_baseline,ikmeans,"{""min_cluster_size"": 119, ""n_init"": 1, ""init_source"": ""AP_top_k_by_scatter_pct"", ""n_ap_retained"": 8}",17349,8,train_20pct_seed=17341,23842,95368,0.1092,2.293,1699.87,0.1092,2.3062,6768.52,0.032,,AP extraction shared across seeds; runtime includes AP only on first seed
11389617,2026-04-30T17:04:16+00:00,rep_v1_baseline,ikmeans,"{""min_cluster_size"": 119, ""n_init"": 1, ""init_source"": ""AP_top_k_by_scatter_pct"", ""n_ap_retained"": 8}",17350,8,train_20pct_seed=17341,23842,95368,0.1082,2.293,1699.87,0.1113,2.3062,6768.52,0.026,,AP extraction shared across seeds; runtime includes AP only on first seed
909f757f,2026-06-03T22:45:13+00:00,R0_main,kmeans,"{""init"": ""k-means++"", ""n_init"": 10}",17341,2,train_80pct_seed=17341,95368,23842,0.3061,2.3558,7445.12,0.3233,2.3886,1746.31,3.036,,
1a1b78a4,2026-06-03T22:45:15+00:00,R0_main,kmeans,"{""init"": ""k-means++"", ""n_init"": 10}",17342,2,train_80pct_seed=17341,95368,23842,0.0857,3.3199,7079.01,0.0856,3.3164,1711.55,0.496,,
bcf5a991,2026-06-03T22:45:16+00:00,R0_main,kmeans,"{""init"": ""k-means++"", ""n_init"": 10}",17343,2,train_80pct_seed=17341,95368,23842,0.0876,3.3206,7078.98,0.0846,3.3174,1711.4,0.61,,
7e389df7,2026-06-03T22:45:17+00:00,R0_main,kmeans,"{""init"": ""k-means++"", ""n_init"": 10}",17344,2,train_80pct_seed=17341,95368,23842,0.4494,1.293,9487.06,0.4416,1.313,2230.95,0.371,,
2d307c26,2026-06-03T22:45:18+00:00,R0_main,kmeans,"{""init"": ""k-means++"", ""n_init"": 10}",17345,2,train_80pct_seed=17341,95368,23842,0.4409,1.293,9487.06,0.4383,1.313,2230.95,0.469,,
0a8055da,2026-06-03T22:45:19+00:00,R0_main,kmeans,"{""init"": ""k-means++"", ""n_init"": 10}",17346,2,train_80pct_seed=17341,95368,23842,0.3005,2.3558,7445.12,0.3159,2.3886,1746.31,0.631,,
396d30b6,2026-06-03T22:45:20+00:00,R0_main,kmeans,"{""init"": ""k-means++"", ""n_init"": 10}",17347,2,train_80pct_seed=17341,95368,23842,0.4312,1.293,9487.06,0.4416,1.313,2230.95,0.491,,
bff7613c,2026-06-03T22:45:22+00:00,R0_main,kmeans,"{""init"": ""k-means++"", ""n_init"": 10}",17348,2,train_80pct_seed=17341,95368,23842,0.3261,2.3558,7445.12,0.3262,2.3886,1746.31,0.532,,
ffab34f8,2026-06-03T22:45:23+00:00,R0_main,kmeans,"{""init"": ""k-means++"", ""n_init"": 10}",17349,2,train_80pct_seed=17341,95368,23842,0.4341,1.293,9487.06,0.4532,1.313,2230.95,0.353,,
5a6aa5f1,2026-06-03T22:45:24+00:00,R0_main,kmeans,"{""init"": ""k-means++"", ""n_init"": 10}",17350,2,train_80pct_seed=17341,95368,23842,0.4432,1.293,9487.06,0.4626,1.313,2230.95,0.453,,
f9b0e989,2026-06-03T22:45:25+00:00,R0_main,kmeans,"{""init"": ""k-means++"", ""n_init"": 10}",17341,3,train_80pct_seed=17341,95368,23842,0.095,2.5393,8855.9,0.0957,2.5421,2102.46,0.588,,
1f5fe391,2026-06-03T22:45:26+00:00,R0_main,kmeans,"{""init"": ""k-means++"", ""n_init"": 10}",17342,3,train_80pct_seed=17341,95368,23842,0.0942,2.535,8855.67,0.0956,2.5385,2102.8,0.705,,
08b83122,2026-06-03T22:45:28+00:00,R0_main,kmeans,"{""init"": ""k-means++"", ""n_init"": 10}",17343,3,train_80pct_seed=17341,95368,23842,0.097,2.5385,8855.86,0.0932,2.5414,2102.53,0.525,,
2ff285d1,2026-06-03T22:45:29+00:00,R0_main,kmeans,"{""init"": ""k-means++"", ""n_init"": 10}",17344,3,train_80pct_seed=17341,95368,23842,0.0949,2.535,8855.67,0.0967,2.5384,2102.8,0.54,,
1e39cf19,2026-06-03T22:45:30+00:00,R0_main,kmeans,"{""init"": ""k-means++"", ""n_init"": 10}",17345,3,train_80pct_seed=17341,95368,23842,0.0918,2.5396,8855.87,0.0952,2.5425,2102.42,0.554,,
7a10a46b,2026-06-03T22:45:31+00:00,R0_main,kmeans,"{""init"": ""k-means++"", ""n_init"": 10}",17346,3,train_80pct_seed=17341,95368,23842,0.0948,2.5398,8855.88,0.0937,2.5429,2102.36,0.593,,
a657ba32,2026-06-03T22:45:32+00:00,R0_main,kmeans,"{""init"": ""k-means++"", ""n_init"": 10}",17347,3,train_80pct_seed=17341,95368,23842,0.0966,2.5347,8855.64,0.0976,2.5381,2102.81,0.592,,
450f7acb,2026-06-03T22:45:34+00:00,R0_main,kmeans,"{""init"": ""k-means++"", ""n_init"": 10}",17348,3,train_80pct_seed=17341,95368,23842,0.095,2.535,8855.67,0.0973,2.5385,2102.8,0.62,,
5713c843,2026-06-03T22:45:35+00:00,R0_main,kmeans,"{""init"": ""k-means++"", ""n_init"": 10}",17349,3,train_80pct_seed=17341,95368,23842,0.0954,2.5348,8855.65,0.0978,2.5384,2102.79,0.502,,
1ab2f905,2026-06-03T22:45:36+00:00,R0_main,kmeans,"{""init"": ""k-means++"", ""n_init"": 10}",17350,3,train_80pct_seed=17341,95368,23842,0.0926,2.5352,8855.69,0.0932,2.5387,2102.78,0.605,,
d1c62870,2026-06-03T22:45:37+00:00,R0_main,kmeans,"{""init"": ""k-means++"", ""n_init"": 10}",17341,4,train_80pct_seed=17341,95368,23842,0.106,2.2475,8244.07,0.1054,2.2535,1940.21,0.601,,
c9ea04fa,2026-06-03T22:45:39+00:00,R0_main,kmeans,"{""init"": ""k-means++"", ""n_init"": 10}",17342,4,train_80pct_seed=17341,95368,23842,0.1035,2.2473,8244.06,0.1045,2.2532,1940.22,0.741,,
69e7934d,2026-06-03T22:45:40+00:00,R0_main,kmeans,"{""init"": ""k-means++"", ""n_init"": 10}",17343,4,train_80pct_seed=17341,95368,23842,0.1068,2.2473,8244.06,0.1028,2.2532,1940.22,0.661,,
78093d84,2026-06-03T22:45:41+00:00,R0_main,kmeans,"{""init"": ""k-means++"", ""n_init"": 10}",17344,4,train_80pct_seed=17341,95368,23842,0.0987,2.0538,8113.66,0.1008,2.0711,1943.17,0.612,,
1462875b,2026-06-03T22:45:43+00:00,R0_main,kmeans,"{""init"": ""k-means++"", ""n_init"": 10}",17345,4,train_80pct_seed=17341,95368,23842,0.0852,2.3969,8099.41,0.084,2.4004,1930.09,0.789,,
ca10761b,2026-06-03T22:45:44+00:00,R0_main,kmeans,"{""init"": ""k-means++"", ""n_init"": 10}",17346,4,train_80pct_seed=17341,95368,23842,0.1059,2.2472,8244.05,0.1043,2.253,1940.23,0.748,,
a913d59b,2026-06-03T22:45:46+00:00,R0_main,kmeans,"{""init"": ""k-means++"", ""n_init"": 10}",17347,4,train_80pct_seed=17341,95368,23842,0.0939,2.4215,8110.32,0.085,2.4204,1933.08,0.646,,
96733f85,2026-06-03T22:45:47+00:00,R0_main,kmeans,"{""init"": ""k-means++"", ""n_init"": 10}",17348,4,train_80pct_seed=17341,95368,23842,0.1051,2.2467,8243.75,0.1052,2.2534,1939.93,0.619,,
2d310417,2026-06-03T22:45:48+00:00,R0_main,kmeans,"{""init"": ""k-means++"", ""n_init"": 10}",17349,4,train_80pct_seed=17341,95368,23842,0.0961,2.3093,8237.92,0.1012,2.3101,1942.21,0.758,,
8a3d382f,2026-06-03T22:45:50+00:00,R0_main,kmeans,"{""init"": ""k-means++"", ""n_init"": 10}",17350,4,train_80pct_seed=17341,95368,23842,0.1019,2.2472,8244.05,0.1027,2.253,1940.23,0.703,,
e239a064,2026-06-03T22:45:51+00:00,R0_main,kmeans,"{""init"": ""k-means++"", ""n_init"": 10}",17341,5,train_80pct_seed=17341,95368,23842,0.1088,1.958,7924.16,0.1076,1.9642,1917.93,0.849,,
d5690eaf,2026-06-03T22:45:53+00:00,R0_main,kmeans,"{""init"": ""k-means++"", ""n_init"": 10}",17342,5,train_80pct_seed=17341,95368,23842,0.0996,2.1829,7910.24,0.0998,2.1926,1865.38,0.915,,
211fbd1e,2026-06-03T22:45:54+00:00,R0_main,kmeans,"{""init"": ""k-means++"", ""n_init"": 10}",17343,5,train_80pct_seed=17341,95368,23842,0.098,2.1845,7910.21,0.0971,2.1934,1865.68,0.878,,
531986f4,2026-06-03T22:45:56+00:00,R0_main,kmeans,"{""init"": ""k-means++"", ""n_init"": 10}",17344,5,train_80pct_seed=17341,95368,23842,0.0967,2.1827,7910.24,0.0988,2.1924,1865.3,0.855,,
9054c023,2026-06-03T22:45:58+00:00,R0_main,kmeans,"{""init"": ""k-means++"", ""n_init"": 10}",17345,5,train_80pct_seed=17341,95368,23842,0.0985,2.1828,7910.24,0.0953,2.1924,1865.31,0.902,,
91019824,2026-06-03T22:45:59+00:00,R0_main,kmeans,"{""init"": ""k-means++"", ""n_init"": 10}",17346,5,train_80pct_seed=17341,95368,23842,0.0977,2.1828,7910.24,0.0964,2.1926,1865.36,0.971,,
15487597,2026-06-03T22:46:01+00:00,R0_main,kmeans,"{""init"": ""k-means++"", ""n_init"": 10}",17347,5,train_80pct_seed=17341,95368,23842,0.1039,2.1828,7910.24,0.0917,2.1924,1865.31,1.008,,
61e5ca9b,2026-06-03T22:46:03+00:00,R0_main,kmeans,"{""init"": ""k-means++"", ""n_init"": 10}",17348,5,train_80pct_seed=17341,95368,23842,0.1001,2.1847,7910.21,0.0996,2.1935,1865.72,0.959,,
c679e46d,2026-06-03T22:46:04+00:00,R0_main,kmeans,"{""init"": ""k-means++"", ""n_init"": 10}",17349,5,train_80pct_seed=17341,95368,23842,0.0968,2.1828,7910.24,0.0991,2.1925,1865.31,1.029,,
a80178d5,2026-06-03T22:46:06+00:00,R0_main,kmeans,"{""init"": ""k-means++"", ""n_init"": 10}",17350,5,train_80pct_seed=17341,95368,23842,0.0967,2.1828,7910.24,0.0986,2.1925,1865.31,0.854,,
175553c8,2026-06-03T22:46:07+00:00,R1_robust,kmeans,"{""init"": ""k-means++"", ""n_init"": 10}",17341,2,train_80pct_seed=17341,95368,23842,0.0825,3.2258,8704.03,0.0849,3.1989,2221.87,0.842,,
df181474,2026-06-03T22:46:09+00:00,R1_robust,kmeans,"{""init"": ""k-means++"", ""n_init"": 10}",17342,2,train_80pct_seed=17341,95368,23842,0.0827,3.2258,8704.03,0.0842,3.1989,2221.87,0.691,,
6b0c555f,2026-06-03T22:46:10+00:00,R1_robust,kmeans,"{""init"": ""k-means++"", ""n_init"": 10}",17343,2,train_80pct_seed=17341,95368,23842,0.0821,3.2258,8704.02,0.0831,3.1989,2221.87,0.565,,
ea27fe43,2026-06-03T22:46:11+00:00,R1_robust,kmeans,"{""init"": ""k-means++"", ""n_init"": 10}",17344,2,train_80pct_seed=17341,95368,23842,0.082,3.2258,8704.03,0.0834,3.1989,2221.89,0.668,,
78ce0a4f,2026-06-03T22:46:13+00:00,R1_robust,kmeans,"{""init"": ""k-means++"", ""n_init"": 10}",17345,2,train_80pct_seed=17341,95368,23842,0.0858,3.2258,8704.03,0.0833,3.1989,2221.87,0.618,,
5b0e29dd,2026-06-03T22:46:14+00:00,R1_robust,kmeans,"{""init"": ""k-means++"", ""n_init"": 10}",17346,2,train_80pct_seed=17341,95368,23842,0.0835,3.2258,8704.02,0.0852,3.1989,2221.87,0.625,,
5bfd9ce0,2026-06-03T22:46:15+00:00,R1_robust,kmeans,"{""init"": ""k-means++"", ""n_init"": 10}",17347,2,train_80pct_seed=17341,95368,23842,0.0869,3.2258,8704.03,0.084,3.1989,2221.87,0.65,,
389cedaa,2026-06-03T22:46:17+00:00,R1_robust,kmeans,"{""init"": ""k-means++"", ""n_init"": 10}",17348,2,train_80pct_seed=17341,95368,23842,0.0841,3.2258,8704.02,0.0849,3.1989,2221.87,0.895,,
48e7c793,2026-06-03T22:46:18+00:00,R1_robust,kmeans,"{""init"": ""k-means++"", ""n_init"": 10}",17349,2,train_80pct_seed=17341,95368,23842,0.0862,3.2258,8704.04,0.0835,3.1988,2221.97,0.599,,
4c600dfd,2026-06-03T22:46:19+00:00,R1_robust,kmeans,"{""init"": ""k-means++"", ""n_init"": 10}",17350,2,train_80pct_seed=17341,95368,23842,0.0824,3.2258,8703.98,0.0831,3.1989,2221.83,0.634,,
698bf9c8,2026-06-03T22:46:21+00:00,R1_robust,kmeans,"{""init"": ""k-means++"", ""n_init"": 10}",17341,3,train_80pct_seed=17341,95368,23842,0.0872,2.7669,8237.43,0.0885,2.7618,2073.95,0.567,,
30a88928,2026-06-03T22:46:22+00:00,R1_robust,kmeans,"{""init"": ""k-means++"", ""n_init"": 10}",17342,3,train_80pct_seed=17341,95368,23842,0.0889,2.7671,8237.43,0.0896,2.7618,2073.94,0.532,,
121d67d0,2026-06-03T22:46:23+00:00,R1_robust,kmeans,"{""init"": ""k-means++"", ""n_init"": 10}",17343,3,train_80pct_seed=17341,95368,23842,0.0862,2.767,8237.43,0.0865,2.7618,2073.93,0.577,,
9039edf3,2026-06-03T22:46:24+00:00,R1_robust,kmeans,"{""init"": ""k-means++"", ""n_init"": 10}",17344,3,train_80pct_seed=17341,95368,23842,0.0852,2.7671,8237.43,0.0878,2.7618,2073.93,0.568,,
0037eddc,2026-06-03T22:46:26+00:00,R1_robust,kmeans,"{""init"": ""k-means++"", ""n_init"": 10}",17345,3,train_80pct_seed=17341,95368,23842,0.0882,2.767,8237.43,0.0885,2.762,2073.92,0.552,,
c66a48a9,2026-06-03T22:46:27+00:00,R1_robust,kmeans,"{""init"": ""k-means++"", ""n_init"": 10}",17346,3,train_80pct_seed=17341,95368,23842,0.0862,2.7668,8237.43,0.0853,2.7618,2073.95,0.575,,
3c112d52,2026-06-03T22:46:28+00:00,R1_robust,kmeans,"{""init"": ""k-means++"", ""n_init"": 10}",17347,3,train_80pct_seed=17341,95368,23842,0.09,2.767,8237.43,0.0871,2.7619,2073.92,0.593,,
c59567ae,2026-06-03T22:46:29+00:00,R1_robust,kmeans,"{""init"": ""k-means++"", ""n_init"": 10}",17348,3,train_80pct_seed=17341,95368,23842,0.0894,2.767,8237.42,0.0879,2.7618,2073.95,0.596,,
d114f3ff,2026-06-03T22:46:31+00:00,R1_robust,kmeans,"{""init"": ""k-means++"", ""n_init"": 10}",17349,3,train_80pct_seed=17341,95368,23842,0.0876,2.8521,8135.22,0.0876,2.8386,2056.21,0.643,,
5f61117b,2026-06-03T22:46:32+00:00,R1_robust,kmeans,"{""init"": ""k-means++"", ""n_init"": 10}",17350,3,train_80pct_seed=17341,95368,23842,0.0848,2.767,8237.43,0.0883,2.762,2073.92,0.514,,
f93b7dd3,2026-06-03T22:46:33+00:00,R1_robust,kmeans,"{""init"": ""k-means++"", ""n_init"": 10}",17341,4,train_80pct_seed=17341,95368,23842,0.0963,2.558,7977.86,0.0975,2.5587,1998.99,0.522,,
37eaffd0,2026-06-03T22:46:34+00:00,R1_robust,kmeans,"{""init"": ""k-means++"", ""n_init"": 10}",17342,4,train_80pct_seed=17341,95368,23842,0.0974,2.5587,7977.86,0.0989,2.5594,1998.96,0.517,,
a38ed753,2026-06-03T22:46:35+00:00,R1_robust,kmeans,"{""init"": ""k-means++"", ""n_init"": 10}",17343,4,train_80pct_seed=17341,95368,23842,0.095,2.5588,7977.85,0.0942,2.5594,1998.96,0.559,,
66234822,2026-06-03T22:46:37+00:00,R1_robust,kmeans,"{""init"": ""k-means++"", ""n_init"": 10}",17344,4,train_80pct_seed=17341,95368,23842,0.0957,2.558,7977.86,0.0964,2.5586,1999.0,0.572,,
fbfc92b6,2026-06-03T22:46:38+00:00,R1_robust,kmeans,"{""init"": ""k-means++"", ""n_init"": 10}",17345,4,train_80pct_seed=17341,95368,23842,0.0979,2.5581,7977.86,0.0981,2.5588,1998.99,0.492,,
01834d03,2026-06-03T22:46:39+00:00,R1_robust,kmeans,"{""init"": ""k-means++"", ""n_init"": 10}",17346,4,train_80pct_seed=17341,95368,23842,0.0944,2.558,7977.86,0.0958,2.5588,1999.0,0.533,,
9633dcd3,2026-06-03T22:46:40+00:00,R1_robust,kmeans,"{""init"": ""k-means++"", ""n_init"": 10}",17347,4,train_80pct_seed=17341,95368,23842,0.0984,2.5585,7977.86,0.0927,2.5596,1998.94,0.568,,
694d19b8,2026-06-03T22:46:41+00:00,R1_robust,kmeans,"{""init"": ""k-means++"", ""n_init"": 10}",17348,4,train_80pct_seed=17341,95368,23842,0.0998,2.5579,7977.86,0.0973,2.5586,1998.99,0.499,,
f558fec4,2026-06-03T22:46:43+00:00,R1_robust,kmeans,"{""init"": ""k-means++"", ""n_init"": 10}",17349,4,train_80pct_seed=17341,95368,23842,0.0987,2.5587,7977.86,0.0965,2.5595,1998.96,0.543,,
41ef6f21,2026-06-03T22:46:44+00:00,R1_robust,kmeans,"{""init"": ""k-means++"", ""n_init"": 10}",17350,4,train_80pct_seed=17341,95368,23842,0.0935,2.5588,7977.86,0.0966,2.5596,1998.95,0.566,,
fe5a6547,2026-06-03T22:46:45+00:00,R1_robust,kmeans,"{""init"": ""k-means++"", ""n_init"": 10}",17341,5,train_80pct_seed=17341,95368,23842,0.0923,2.4818,7128.25,0.0919,2.486,1789.21,0.698,,
1fa6aa85,2026-06-03T22:46:47+00:00,R1_robust,kmeans,"{""init"": ""k-means++"", ""n_init"": 10}",17342,5,train_80pct_seed=17341,95368,23842,0.0942,2.4818,7128.25,0.0929,2.486,1789.21,0.927,,
d690de36,2026-06-03T22:46:48+00:00,R1_robust,kmeans,"{""init"": ""k-means++"", ""n_init"": 10}",17343,5,train_80pct_seed=17341,95368,23842,0.0917,2.4818,7128.25,0.09,2.486,1789.21,0.79,,
4917c573,2026-06-03T22:46:50+00:00,R1_robust,kmeans,"{""init"": ""k-means++"", ""n_init"": 10}",17344,5,train_80pct_seed=17341,95368,23842,0.0916,2.4818,7128.25,0.0924,2.4859,1789.22,0.726,,
ef12f2ca,2026-06-03T22:46:51+00:00,R1_robust,kmeans,"{""init"": ""k-means++"", ""n_init"": 10}",17345,5,train_80pct_seed=17341,95368,23842,0.0937,2.4818,7128.25,0.0923,2.486,1789.21,0.718,,
04df8031,2026-06-03T22:46:52+00:00,R1_robust,kmeans,"{""init"": ""k-means++"", ""n_init"": 10}",17346,5,train_80pct_seed=17341,95368,23842,0.0896,2.4818,7128.25,0.0914,2.486,1789.21,0.663,,
3aa79341,2026-06-03T22:46:54+00:00,R1_robust,kmeans,"{""init"": ""k-means++"", ""n_init"": 10}",17347,5,train_80pct_seed=17341,95368,23842,0.0943,2.4817,7128.25,0.0881,2.4859,1789.21,0.739,,
8e8151a3,2026-06-03T22:46:55+00:00,R1_robust,kmeans,"{""init"": ""k-means++"", ""n_init"": 10}",17348,5,train_80pct_seed=17341,95368,23842,0.0954,2.4816,7128.25,0.0932,2.486,1789.21,0.757,,
52f622ac,2026-06-03T22:46:57+00:00,R1_robust,kmeans,"{""init"": ""k-means++"", ""n_init"": 10}",17349,5,train_80pct_seed=17341,95368,23842,0.0924,2.4818,7128.25,0.0928,2.486,1789.21,0.683,,
e065f594,2026-06-03T22:46:58+00:00,R1_robust,kmeans,"{""init"": ""k-means++"", ""n_init"": 10}",17350,5,train_80pct_seed=17341,95368,23842,0.0898,2.4817,7128.25,0.0938,2.486,1789.22,0.628,,
fba83cb4,2026-06-03T22:46:59+00:00,R2_withADR,kmeans,"{""init"": ""k-means++"", ""n_init"": 10}",17341,2,train_80pct_seed=17341,95368,23842,0.4324,1.3139,9051.93,0.4491,1.3326,2149.15,0.402,,
aa8f1957,2026-06-03T22:47:00+00:00,R2_withADR,kmeans,"{""init"": ""k-means++"", ""n_init"": 10}",17342,2,train_80pct_seed=17341,95368,23842,0.4314,1.3139,9051.93,0.4455,1.3326,2149.15,0.375,,
eda6325c,2026-06-03T22:47:01+00:00,R2_withADR,kmeans,"{""init"": ""k-means++"", ""n_init"": 10}",17343,2,train_80pct_seed=17341,95368,23842,0.4139,1.3139,9051.93,0.4324,1.3326,2149.15,0.418,,
7c3848f5,2026-06-03T22:47:02+00:00,R2_withADR,kmeans,"{""init"": ""k-means++"", ""n_init"": 10}",17344,2,train_80pct_seed=17341,95368,23842,0.0721,3.4072,6940.98,0.0731,3.3752,1722.61,0.53,,
3a0e57a8,2026-06-03T22:47:04+00:00,R2_withADR,kmeans,"{""init"": ""k-means++"", ""n_init"": 10}",17345,2,train_80pct_seed=17341,95368,23842,0.4295,1.3139,9051.93,0.4286,1.3326,2149.15,0.422,,
e5492901,2026-06-03T22:47:05+00:00,R2_withADR,kmeans,"{""init"": ""k-means++"", ""n_init"": 10}",17346,2,train_80pct_seed=17341,95368,23842,0.294,2.4142,7031.86,0.3096,2.4483,1662.31,0.545,,
f8cdabbb,2026-06-03T22:47:06+00:00,R2_withADR,kmeans,"{""init"": ""k-means++"", ""n_init"": 10}",17347,2,train_80pct_seed=17341,95368,23842,0.2937,2.4142,7031.86,0.3303,2.4483,1662.31,0.455,,
2335a254,2026-06-03T22:47:07+00:00,R2_withADR,kmeans,"{""init"": ""k-means++"", ""n_init"": 10}",17348,2,train_80pct_seed=17341,95368,23842,0.0729,3.4072,6940.98,0.0741,3.3752,1722.61,0.423,,
70cfc768,2026-06-03T22:47:08+00:00,R2_withADR,kmeans,"{""init"": ""k-means++"", ""n_init"": 10}",17349,2,train_80pct_seed=17341,95368,23842,0.4251,1.3139,9051.93,0.444,1.3326,2149.15,0.443,,
efa06a4f,2026-06-03T22:47:09+00:00,R2_withADR,kmeans,"{""init"": ""k-means++"", ""n_init"": 10}",17350,2,train_80pct_seed=17341,95368,23842,0.433,1.3139,9051.93,0.4523,1.3326,2149.15,0.416,,
74b99dd1,2026-06-03T22:47:11+00:00,R2_withADR,kmeans,"{""init"": ""k-means++"", ""n_init"": 10}",17341,3,train_80pct_seed=17341,95368,23842,0.0874,2.5697,8427.49,0.0859,2.5612,2027.49,0.667,,
fefa49c3,2026-06-03T22:47:12+00:00,R2_withADR,kmeans,"{""init"": ""k-means++"", ""n_init"": 10}",17342,3,train_80pct_seed=17341,95368,23842,0.0894,2.5534,8436.57,0.0924,2.5473,2026.51,0.691,,
dd1335eb,2026-06-03T22:47:14+00:00,R2_withADR,kmeans,"{""init"": ""k-means++"", ""n_init"": 10}",17343,3,train_80pct_seed=17341,95368,23842,0.0916,2.552,8436.54,0.0885,2.5466,2026.64,0.9,,
9e62c665,2026-06-03T22:47:15+00:00,R2_withADR,kmeans,"{""init"": ""k-means++"", ""n_init"": 10}",17344,3,train_80pct_seed=17341,95368,23842,0.0878,2.5532,8436.58,0.0903,2.547,2026.53,0.581,,
378743d5,2026-06-03T22:47:16+00:00,R2_withADR,kmeans,"{""init"": ""k-means++"", ""n_init"": 10}",17345,3,train_80pct_seed=17341,95368,23842,0.0874,2.5532,8436.58,0.0882,2.547,2026.53,0.727,,
ae766da6,2026-06-03T22:47:18+00:00,R2_withADR,kmeans,"{""init"": ""k-means++"", ""n_init"": 10}",17346,3,train_80pct_seed=17341,95368,23842,0.087,2.5534,8436.57,0.088,2.5473,2026.51,0.758,,
3ef13e2d,2026-06-03T22:47:19+00:00,R2_withADR,kmeans,"{""init"": ""k-means++"", ""n_init"": 10}",17347,3,train_80pct_seed=17341,95368,23842,0.088,2.5694,8427.47,0.085,2.5611,2027.51,0.865,,
1c809b01,2026-06-03T22:47:21+00:00,R2_withADR,kmeans,"{""init"": ""k-means++"", ""n_init"": 10}",17348,3,train_80pct_seed=17341,95368,23842,0.0899,2.5532,8436.58,0.0922,2.547,2026.53,0.593,,
1e658946,2026-06-03T22:47:22+00:00,R2_withADR,kmeans,"{""init"": ""k-means++"", ""n_init"": 10}",17349,3,train_80pct_seed=17341,95368,23842,0.0841,2.5699,8427.52,0.0887,2.5614,2027.47,0.736,,
db50ef13,2026-06-03T22:47:24+00:00,R2_withADR,kmeans,"{""init"": ""k-means++"", ""n_init"": 10}",17350,3,train_80pct_seed=17341,95368,23842,0.0868,2.5534,8436.57,0.088,2.5473,2026.51,0.869,,
7ba720d9,2026-06-03T22:47:25+00:00,R2_withADR,kmeans,"{""init"": ""k-means++"", ""n_init"": 10}",17341,4,train_80pct_seed=17341,95368,23842,0.0792,2.4533,7939.82,0.0814,2.4476,1920.9,0.773,,
4e94afb7,2026-06-03T22:47:27+00:00,R2_withADR,kmeans,"{""init"": ""k-means++"", ""n_init"": 10}",17342,4,train_80pct_seed=17341,95368,23842,0.0817,2.4521,7939.8,0.0838,2.4459,1920.95,0.813,,
4895ced8,2026-06-03T22:47:28+00:00,R2_withADR,kmeans,"{""init"": ""k-means++"", ""n_init"": 10}",17343,4,train_80pct_seed=17341,95368,23842,0.0803,2.4532,7939.82,0.079,2.4477,1920.9,0.946,,
c2b0a726,2026-06-03T22:47:30+00:00,R2_withADR,kmeans,"{""init"": ""k-means++"", ""n_init"": 10}",17344,4,train_80pct_seed=17341,95368,23842,0.0791,2.4532,7939.82,0.0808,2.4478,1920.89,0.714,,
bbe8fb1b,2026-06-03T22:47:31+00:00,R2_withADR,kmeans,"{""init"": ""k-means++"", ""n_init"": 10}",17345,4,train_80pct_seed=17341,95368,23842,0.0777,2.4533,7939.82,0.0785,2.4477,1920.88,0.587,,
2319e2f5,2026-06-03T22:47:32+00:00,R2_withADR,kmeans,"{""init"": ""k-means++"", ""n_init"": 10}",17346,4,train_80pct_seed=17341,95368,23842,0.0791,2.452,7939.81,0.0786,2.4461,1920.94,0.793,,
886d908f,2026-06-03T22:47:34+00:00,R2_withADR,kmeans,"{""init"": ""k-means++"", ""n_init"": 10}",17347,4,train_80pct_seed=17341,95368,23842,0.0796,2.4532,7939.82,0.0739,2.4477,1920.89,0.686,,
410c635b,2026-06-03T22:47:35+00:00,R2_withADR,kmeans,"{""init"": ""k-means++"", ""n_init"": 10}",17348,4,train_80pct_seed=17341,95368,23842,0.0845,2.4532,7939.82,0.0838,2.4477,1920.88,0.716,,
53aec2f0,2026-06-03T22:47:36+00:00,R2_withADR,kmeans,"{""init"": ""k-means++"", ""n_init"": 10}",17349,4,train_80pct_seed=17341,95368,23842,0.0771,2.4532,7939.82,0.0823,2.4478,1920.89,0.682,,
59283999,2026-06-03T22:47:38+00:00,R2_withADR,kmeans,"{""init"": ""k-means++"", ""n_init"": 10}",17350,4,train_80pct_seed=17341,95368,23842,0.0781,2.4532,7939.82,0.0811,2.4478,1920.89,0.74,,
304ce1e5,2026-06-03T22:47:39+00:00,R2_withADR,kmeans,"{""init"": ""k-means++"", ""n_init"": 10}",17341,5,train_80pct_seed=17341,95368,23842,0.0894,2.2706,7612.84,0.0902,2.2702,1823.86,0.901,,
27aeff0d,2026-06-03T22:47:41+00:00,R2_withADR,kmeans,"{""init"": ""k-means++"", ""n_init"": 10}",17342,5,train_80pct_seed=17341,95368,23842,0.1038,1.9815,7647.81,0.1085,1.9856,1868.0,0.921,,
a801f627,2026-06-03T22:47:43+00:00,R2_withADR,kmeans,"{""init"": ""k-means++"", ""n_init"": 10}",17343,5,train_80pct_seed=17341,95368,23842,0.0911,2.0881,7654.33,0.0859,2.0912,1863.51,0.749,,
685d74f4,2026-06-03T22:47:44+00:00,R2_withADR,kmeans,"{""init"": ""k-means++"", ""n_init"": 10}",17344,5,train_80pct_seed=17341,95368,23842,0.0854,2.0878,7654.35,0.0878,2.0908,1863.51,0.934,,
f3ade72f,2026-06-03T22:47:46+00:00,R2_withADR,kmeans,"{""init"": ""k-means++"", ""n_init"": 10}",17345,5,train_80pct_seed=17341,95368,23842,0.0888,2.2709,7612.86,0.0866,2.2706,1823.95,0.974,,
3299f28e,2026-06-03T22:47:47+00:00,R2_withADR,kmeans,"{""init"": ""k-means++"", ""n_init"": 10}",17346,5,train_80pct_seed=17341,95368,23842,0.0881,2.2722,7612.74,0.088,2.272,1824.01,0.889,,
3b425c6d,2026-06-03T22:47:49+00:00,R2_withADR,kmeans,"{""init"": ""k-means++"", ""n_init"": 10}",17347,5,train_80pct_seed=17341,95368,23842,0.0872,2.0879,7654.34,0.0827,2.0908,1863.53,0.993,,
a758520f,2026-06-03T22:47:51+00:00,R2_withADR,kmeans,"{""init"": ""k-means++"", ""n_init"": 10}",17348,5,train_80pct_seed=17341,95368,23842,0.093,2.2706,7612.85,0.0913,2.2704,1823.82,1.093,,
6c3d77a5,2026-06-03T22:47:52+00:00,R2_withADR,kmeans,"{""init"": ""k-means++"", ""n_init"": 10}",17349,5,train_80pct_seed=17341,95368,23842,0.1026,1.9813,7647.81,0.1078,1.9856,1867.78,0.807,,
650042ca,2026-06-03T22:47:54+00:00,R2_withADR,kmeans,"{""init"": ""k-means++"", ""n_init"": 10}",17350,5,train_80pct_seed=17341,95368,23842,0.0875,2.2707,7612.85,0.0902,2.2703,1823.82,0.75,,
bd365fcc,2026-06-03T22:47:55+00:00,R3_cyclicMonth,kmeans,"{""init"": ""k-means++"", ""n_init"": 10}",17341,2,train_80pct_seed=17341,95368,23842,0.4411,1.2945,9461.99,0.4592,1.314,2226.3,0.41,,
f30cb89b,2026-06-03T22:47:56+00:00,R3_cyclicMonth,kmeans,"{""init"": ""k-means++"", ""n_init"": 10}",17342,2,train_80pct_seed=17341,95368,23842,0.4408,1.2945,9461.99,0.4553,1.314,2226.3,0.346,,
ff2eabed,2026-06-03T22:47:57+00:00,R3_cyclicMonth,kmeans,"{""init"": ""k-means++"", ""n_init"": 10}",17343,2,train_80pct_seed=17341,95368,23842,0.1063,2.9593,8819.29,0.1034,2.9588,2128.12,0.295,,
10507a1c,2026-06-03T22:47:58+00:00,R3_cyclicMonth,kmeans,"{""init"": ""k-means++"", ""n_init"": 10}",17344,2,train_80pct_seed=17341,95368,23842,0.1039,2.9606,8819.19,0.1066,2.9599,2128.01,0.312,,
5d5668f7,2026-06-03T22:47:59+00:00,R3_cyclicMonth,kmeans,"{""init"": ""k-means++"", ""n_init"": 10}",17345,2,train_80pct_seed=17341,95368,23842,0.4401,1.2945,9461.99,0.4383,1.314,2226.3,0.385,,
d9484eec,2026-06-03T22:48:00+00:00,R3_cyclicMonth,kmeans,"{""init"": ""k-means++"", ""n_init"": 10}",17346,2,train_80pct_seed=17341,95368,23842,0.4302,1.2945,9461.99,0.4436,1.314,2226.3,0.346,,
feae103b,2026-06-03T22:48:01+00:00,R3_cyclicMonth,kmeans,"{""init"": ""k-means++"", ""n_init"": 10}",17347,2,train_80pct_seed=17341,95368,23842,0.1054,2.9592,8819.29,0.1074,2.9587,2128.13,0.298,,
ce3c8433,2026-06-03T22:48:02+00:00,R3_cyclicMonth,kmeans,"{""init"": ""k-means++"", ""n_init"": 10}",17348,2,train_80pct_seed=17341,95368,23842,0.1032,2.9585,8819.27,0.1068,2.9585,2128.2,0.395,,
89395b29,2026-06-03T22:48:03+00:00,R3_cyclicMonth,kmeans,"{""init"": ""k-means++"", ""n_init"": 10}",17349,2,train_80pct_seed=17341,95368,23842,0.434,1.2945,9461.99,0.4531,1.314,2226.3,0.34,,
c9143190,2026-06-03T22:48:04+00:00,R3_cyclicMonth,kmeans,"{""init"": ""k-means++"", ""n_init"": 10}",17350,2,train_80pct_seed=17341,95368,23842,0.443,1.2945,9461.99,0.4619,1.314,2226.3,0.333,,
dfbb6d0e,2026-06-03T22:48:06+00:00,R3_cyclicMonth,kmeans,"{""init"": ""k-means++"", ""n_init"": 10}",17341,3,train_80pct_seed=17341,95368,23842,0.1151,2.297,9870.7,0.1158,2.3035,2343.35,0.503,,
97bfc182,2026-06-03T22:48:07+00:00,R3_cyclicMonth,kmeans,"{""init"": ""k-means++"", ""n_init"": 10}",17342,3,train_80pct_seed=17341,95368,23842,0.1147,2.2971,9870.71,0.1153,2.3035,2343.35,0.542,,
b65455d1,2026-06-03T22:48:08+00:00,R3_cyclicMonth,kmeans,"{""init"": ""k-means++"", ""n_init"": 10}",17343,3,train_80pct_seed=17341,95368,23842,0.1163,2.2972,9870.71,0.1128,2.3036,2343.35,0.421,,
03e51fd8,2026-06-03T22:48:09+00:00,R3_cyclicMonth,kmeans,"{""init"": ""k-means++"", ""n_init"": 10}",17344,3,train_80pct_seed=17341,95368,23842,0.1152,2.2975,9870.72,0.1168,2.3038,2343.35,0.514,,
7227136c,2026-06-03T22:48:10+00:00,R3_cyclicMonth,kmeans,"{""init"": ""k-means++"", ""n_init"": 10}",17345,3,train_80pct_seed=17341,95368,23842,0.1119,2.2971,9870.71,0.115,2.3035,2343.35,0.55,,
8a175e9c,2026-06-03T22:48:11+00:00,R3_cyclicMonth,kmeans,"{""init"": ""k-means++"", ""n_init"": 10}",17346,3,train_80pct_seed=17341,95368,23842,0.1143,2.2972,9870.72,0.1142,2.3037,2343.35,0.461,,
3aef78d5,2026-06-03T22:48:13+00:00,R3_cyclicMonth,kmeans,"{""init"": ""k-means++"", ""n_init"": 10}",17347,3,train_80pct_seed=17341,95368,23842,0.1158,2.2977,9870.71,0.117,2.3041,2343.34,0.438,,
519c34d9,2026-06-03T22:48:14+00:00,R3_cyclicMonth,kmeans,"{""init"": ""k-means++"", ""n_init"": 10}",17348,3,train_80pct_seed=17341,95368,23842,0.1148,2.2976,9870.72,0.1172,2.304,2343.34,0.468,,
f0e2e332,2026-06-03T22:48:15+00:00,R3_cyclicMonth,kmeans,"{""init"": ""k-means++"", ""n_init"": 10}",17349,3,train_80pct_seed=17341,95368,23842,0.1149,2.2974,9870.72,0.1182,2.3039,2343.34,0.481,,
24d95e0a,2026-06-03T22:48:16+00:00,R3_cyclicMonth,kmeans,"{""init"": ""k-means++"", ""n_init"": 10}",17350,3,train_80pct_seed=17341,95368,23842,0.1135,2.2971,9870.7,0.1136,2.3037,2343.34,0.432,,
83819ba9,2026-06-03T22:48:17+00:00,R3_cyclicMonth,kmeans,"{""init"": ""k-means++"", ""n_init"": 10}",17341,4,train_80pct_seed=17341,95368,23842,0.1071,2.2849,8825.57,0.1067,2.2911,2102.28,0.578,,
f08bb04e,2026-06-03T22:48:19+00:00,R3_cyclicMonth,kmeans,"{""init"": ""k-means++"", ""n_init"": 10}",17342,4,train_80pct_seed=17341,95368,23842,0.1238,2.0717,8956.3,0.1237,2.08,2107.55,0.637,,
bdd49004,2026-06-03T22:48:20+00:00,R3_cyclicMonth,kmeans,"{""init"": ""k-means++"", ""n_init"": 10}",17343,4,train_80pct_seed=17341,95368,23842,0.1257,2.0713,8956.27,0.122,2.08,2107.54,0.577,,
f6c48c53,2026-06-03T22:48:21+00:00,R3_cyclicMonth,kmeans,"{""init"": ""k-means++"", ""n_init"": 10}",17344,4,train_80pct_seed=17341,95368,23842,0.1216,2.0716,8956.3,0.1267,2.0799,2107.54,0.63,,
70e96a1f,2026-06-03T22:48:23+00:00,R3_cyclicMonth,kmeans,"{""init"": ""k-means++"", ""n_init"": 10}",17345,4,train_80pct_seed=17341,95368,23842,0.1215,2.0716,8956.3,0.1202,2.08,2107.54,0.682,,
416aed61,2026-06-03T22:48:24+00:00,R3_cyclicMonth,kmeans,"{""init"": ""k-means++"", ""n_init"": 10}",17346,4,train_80pct_seed=17341,95368,23842,0.1196,2.1233,8838.5,0.1227,2.1177,2131.25,0.746,,
0aeeeded,2026-06-03T22:48:25+00:00,R3_cyclicMonth,kmeans,"{""init"": ""k-means++"", ""n_init"": 10}",17347,4,train_80pct_seed=17341,95368,23842,0.1202,1.8803,8859.73,0.1168,1.8993,2119.56,0.578,,
18682d83,2026-06-03T22:48:27+00:00,R3_cyclicMonth,kmeans,"{""init"": ""k-means++"", ""n_init"": 10}",17348,4,train_80pct_seed=17341,95368,23842,0.1249,2.0713,8956.27,0.1251,2.08,2107.54,0.562,,
85ca845b,2026-06-03T22:48:28+00:00,R3_cyclicMonth,kmeans,"{""init"": ""k-means++"", ""n_init"": 10}",17349,4,train_80pct_seed=17341,95368,23842,0.1209,2.0713,8956.27,0.1257,2.08,2107.54,0.684,,
ff4c4ec0,2026-06-03T22:48:29+00:00,R3_cyclicMonth,kmeans,"{""init"": ""k-means++"", ""n_init"": 10}",17350,4,train_80pct_seed=17341,95368,23842,0.119,1.8798,8859.74,0.1169,1.8991,2119.55,0.501,,
4845e8bb,2026-06-03T22:48:31+00:00,R3_cyclicMonth,kmeans,"{""init"": ""k-means++"", ""n_init"": 10}",17341,5,train_80pct_seed=17341,95368,23842,0.1194,2.0678,8477.0,0.1169,2.0832,1998.68,0.866,,
eae56503,2026-06-03T22:48:32+00:00,R3_cyclicMonth,kmeans,"{""init"": ""k-means++"", ""n_init"": 10}",17342,5,train_80pct_seed=17341,95368,23842,0.1189,2.0698,8477.0,0.1178,2.0865,1998.86,0.715,,
ea27712e,2026-06-03T22:48:34+00:00,R3_cyclicMonth,kmeans,"{""init"": ""k-means++"", ""n_init"": 10}",17343,5,train_80pct_seed=17341,95368,23842,0.1167,1.9194,8500.52,0.1132,1.9353,2037.27,0.837,,
3238a178,2026-06-03T22:48:35+00:00,R3_cyclicMonth,kmeans,"{""init"": ""k-means++"", ""n_init"": 10}",17344,5,train_80pct_seed=17341,95368,23842,0.1163,2.0686,8477.01,0.1179,2.0843,1998.83,0.841,,
c9275cff,2026-06-03T22:48:37+00:00,R3_cyclicMonth,kmeans,"{""init"": ""k-means++"", ""n_init"": 10}",17345,5,train_80pct_seed=17341,95368,23842,0.1279,1.7748,8598.57,0.1259,1.7905,2037.0,0.637,,
a9e0e0be,2026-06-03T22:48:38+00:00,R3_cyclicMonth,kmeans,"{""init"": ""k-means++"", ""n_init"": 10}",17346,5,train_80pct_seed=17341,95368,23842,0.1169,2.0686,8477.01,0.116,2.0843,1998.83,0.785,,
8c9ccb6b,2026-06-03T22:48:40+00:00,R3_cyclicMonth,kmeans,"{""init"": ""k-means++"", ""n_init"": 10}",17347,5,train_80pct_seed=17341,95368,23842,0.1214,2.0685,8477.02,0.111,2.0841,1998.77,0.871,,
4d5587a4,2026-06-03T22:48:41+00:00,R3_cyclicMonth,kmeans,"{""init"": ""k-means++"", ""n_init"": 10}",17348,5,train_80pct_seed=17341,95368,23842,0.1165,1.9193,8500.55,0.1169,1.9347,2037.41,0.725,,
f7825ac1,2026-06-03T22:48:43+00:00,R3_cyclicMonth,kmeans,"{""init"": ""k-means++"", ""n_init"": 10}",17349,5,train_80pct_seed=17341,95368,23842,0.1131,1.9198,8500.5,0.1163,1.9355,2037.24,0.84,,
d3762cce,2026-06-03T22:48:44+00:00,R3_cyclicMonth,kmeans,"{""init"": ""k-means++"", ""n_init"": 10}",17350,5,train_80pct_seed=17341,95368,23842,0.1144,1.9198,8500.5,0.112,1.9355,2037.23,0.736,,
c1764e90,2026-06-03T22:48:46+00:00,R4_dropRedundant,kmeans,"{""init"": ""k-means++"", ""n_init"": 10}",17341,2,train_80pct_seed=17341,95368,23842,0.4427,1.2831,9572.89,0.4612,1.3021,2250.71,0.923,,
d54658bc,2026-06-03T22:48:47+00:00,R4_dropRedundant,kmeans,"{""init"": ""k-means++"", ""n_init"": 10}",17342,2,train_80pct_seed=17341,95368,23842,0.4427,1.2831,9572.89,0.4568,1.3021,2250.71,0.593,,
0cc0fa9f,2026-06-03T22:48:48+00:00,R4_dropRedundant,kmeans,"{""init"": ""k-means++"", ""n_init"": 10}",17343,2,train_80pct_seed=17341,95368,23842,0.4252,1.2831,9572.89,0.4442,1.3021,2250.71,0.487,,
9badc4ce,2026-06-03T22:48:50+00:00,R4_dropRedundant,kmeans,"{""init"": ""k-means++"", ""n_init"": 10}",17344,2,train_80pct_seed=17341,95368,23842,0.4509,1.2831,9572.89,0.4428,1.3021,2250.71,0.578,,
9001fe8d,2026-06-03T22:48:51+00:00,R4_dropRedundant,kmeans,"{""init"": ""k-means++"", ""n_init"": 10}",17345,2,train_80pct_seed=17341,95368,23842,0.4411,1.2831,9572.89,0.4397,1.3021,2250.71,0.483,,
399f284f,2026-06-03T22:48:52+00:00,R4_dropRedundant,kmeans,"{""init"": ""k-means++"", ""n_init"": 10}",17346,2,train_80pct_seed=17341,95368,23842,0.4333,1.2831,9572.89,0.446,1.3021,2250.71,0.395,,
0051eb9a,2026-06-03T22:48:53+00:00,R4_dropRedundant,kmeans,"{""init"": ""k-means++"", ""n_init"": 10}",17347,2,train_80pct_seed=17341,95368,23842,0.4329,1.2835,9572.89,0.4428,1.3021,2250.71,0.72,,
7d9ab7b7,2026-06-03T22:48:55+00:00,R4_dropRedundant,kmeans,"{""init"": ""k-means++"", ""n_init"": 10}",17348,2,train_80pct_seed=17341,95368,23842,0.3277,2.3437,7498.55,0.3279,2.3755,1759.49,0.512,,
c53de56c,2026-06-03T22:48:56+00:00,R4_dropRedundant,kmeans,"{""init"": ""k-means++"", ""n_init"": 10}",17349,2,train_80pct_seed=17341,95368,23842,0.4348,1.2831,9572.89,0.4547,1.3021,2250.71,0.697,,
89b63e38,2026-06-03T22:48:57+00:00,R4_dropRedundant,kmeans,"{""init"": ""k-means++"", ""n_init"": 10}",17350,2,train_80pct_seed=17341,95368,23842,0.4448,1.2831,9572.89,0.4644,1.3021,2250.71,0.394,,
927d5c5b,2026-06-03T22:48:58+00:00,R4_dropRedundant,kmeans,"{""init"": ""k-means++"", ""n_init"": 10}",17341,3,train_80pct_seed=17341,95368,23842,0.0968,2.514,8981.66,0.0976,2.5166,2131.21,0.63,,
54c152c6,2026-06-03T22:49:00+00:00,R4_dropRedundant,kmeans,"{""init"": ""k-means++"", ""n_init"": 10}",17342,3,train_80pct_seed=17341,95368,23842,0.0961,2.5089,8981.38,0.0972,2.5124,2131.65,0.824,,
f10645a3,2026-06-03T22:49:01+00:00,R4_dropRedundant,kmeans,"{""init"": ""k-means++"", ""n_init"": 10}",17343,3,train_80pct_seed=17341,95368,23842,0.0989,2.509,8981.4,0.0948,2.5125,2131.64,0.536,,
f43991d7,2026-06-03T22:49:02+00:00,R4_dropRedundant,kmeans,"{""init"": ""k-means++"", ""n_init"": 10}",17344,3,train_80pct_seed=17341,95368,23842,0.0966,2.5088,8981.37,0.0984,2.5123,2131.64,0.709,,
2bb3987a,2026-06-03T22:49:04+00:00,R4_dropRedundant,kmeans,"{""init"": ""k-means++"", ""n_init"": 10}",17345,3,train_80pct_seed=17341,95368,23842,0.0935,2.5139,8981.66,0.0969,2.5165,2131.23,0.783,,
fdcb4cb4,2026-06-03T22:49:05+00:00,R4_dropRedundant,kmeans,"{""init"": ""k-means++"", ""n_init"": 10}",17346,3,train_80pct_seed=17341,95368,23842,0.0966,2.5138,8981.67,0.0954,2.5166,2131.23,0.575,,
c083bd46,2026-06-03T22:49:07+00:00,R4_dropRedundant,kmeans,"{""init"": ""k-means++"", ""n_init"": 10}",17347,3,train_80pct_seed=17341,95368,23842,0.0981,2.5141,8981.64,0.0987,2.5167,2131.2,0.64,,
50dd3d10,2026-06-03T22:49:08+00:00,R4_dropRedundant,kmeans,"{""init"": ""k-means++"", ""n_init"": 10}",17348,3,train_80pct_seed=17341,95368,23842,0.0968,2.5141,8981.64,0.0989,2.5167,2131.2,0.707,,
ad890cf7,2026-06-03T22:49:09+00:00,R4_dropRedundant,kmeans,"{""init"": ""k-means++"", ""n_init"": 10}",17349,3,train_80pct_seed=17341,95368,23842,0.0971,2.5088,8981.37,0.0996,2.5123,2131.64,0.839,,
c1cf76dd,2026-06-03T22:49:11+00:00,R4_dropRedundant,kmeans,"{""init"": ""k-means++"", ""n_init"": 10}",17350,3,train_80pct_seed=17341,95368,23842,0.0946,2.5138,8981.65,0.0947,2.5165,2131.25,0.688,,
4b856008,2026-06-03T22:49:12+00:00,R4_dropRedundant,kmeans,"{""init"": ""k-means++"", ""n_init"": 10}",17341,4,train_80pct_seed=17341,95368,23842,0.1082,2.2237,8369.28,0.1076,2.2293,1969.01,0.759,,
9d24b276,2026-06-03T22:49:13+00:00,R4_dropRedundant,kmeans,"{""init"": ""k-means++"", ""n_init"": 10}",17342,4,train_80pct_seed=17341,95368,23842,0.1057,2.2237,8369.28,0.1065,2.2292,1969.02,0.574,,
1f87aa90,2026-06-03T22:49:15+00:00,R4_dropRedundant,kmeans,"{""init"": ""k-means++"", ""n_init"": 10}",17343,4,train_80pct_seed=17341,95368,23842,0.109,2.2237,8369.28,0.1048,2.2292,1969.01,0.654,,
ccfd225d,2026-06-03T22:49:16+00:00,R4_dropRedundant,kmeans,"{""init"": ""k-means++"", ""n_init"": 10}",17344,4,train_80pct_seed=17341,95368,23842,0.1039,2.2236,8369.28,0.1087,2.2291,1969.02,0.645,,
da35c27f,2026-06-03T22:49:18+00:00,R4_dropRedundant,kmeans,"{""init"": ""k-means++"", ""n_init"": 10}",17345,4,train_80pct_seed=17341,95368,23842,0.1038,2.2229,8369.0,0.1028,2.2295,1968.72,0.807,,
e157d1ae,2026-06-03T22:49:19+00:00,R4_dropRedundant,kmeans,"{""init"": ""k-means++"", ""n_init"": 10}",17346,4,train_80pct_seed=17341,95368,23842,0.102,2.2798,8247.05,0.1041,2.2737,1989.77,0.717,,
b51eb10d,2026-06-03T22:49:20+00:00,R4_dropRedundant,kmeans,"{""init"": ""k-means++"", ""n_init"": 10}",17347,4,train_80pct_seed=17341,95368,23842,0.1055,2.2797,8247.03,0.1001,2.2737,1989.77,0.688,,
8e6cd021,2026-06-03T22:49:22+00:00,R4_dropRedundant,kmeans,"{""init"": ""k-means++"", ""n_init"": 10}",17348,4,train_80pct_seed=17341,95368,23842,0.101,2.032,8246.2,0.1024,2.0496,1973.75,0.784,,
b38cef05,2026-06-03T22:49:23+00:00,R4_dropRedundant,kmeans,"{""init"": ""k-means++"", ""n_init"": 10}",17349,4,train_80pct_seed=17341,95368,23842,0.1025,2.2797,8247.03,0.1076,2.2737,1989.77,0.675,,
7dd53394,2026-06-03T22:49:24+00:00,R4_dropRedundant,kmeans,"{""init"": ""k-means++"", ""n_init"": 10}",17350,4,train_80pct_seed=17341,95368,23842,0.1039,2.2237,8369.28,0.1047,2.2292,1969.01,0.586,,
368dda3d,2026-06-03T22:49:26+00:00,R4_dropRedundant,kmeans,"{""init"": ""k-means++"", ""n_init"": 10}",17341,5,train_80pct_seed=17341,95368,23842,0.1131,1.8921,8145.66,0.1113,1.9057,1930.31,0.749,,
25ff9d70,2026-06-03T22:49:27+00:00,R4_dropRedundant,kmeans,"{""init"": ""k-means++"", ""n_init"": 10}",17342,5,train_80pct_seed=17341,95368,23842,0.1012,2.1613,8046.06,0.1017,2.1697,1896.85,0.677,,
52b09e0f,2026-06-03T22:49:29+00:00,R4_dropRedundant,kmeans,"{""init"": ""k-means++"", ""n_init"": 10}",17343,5,train_80pct_seed=17341,95368,23842,0.1119,1.9378,8068.77,0.1095,1.9435,1951.57,0.746,,
ea45035f,2026-06-03T22:49:30+00:00,R4_dropRedundant,kmeans,"{""init"": ""k-means++"", ""n_init"": 10}",17344,5,train_80pct_seed=17341,95368,23842,0.0985,2.1604,8046.08,0.101,2.1688,1896.5,0.819,,
862b1d8d,2026-06-03T22:49:31+00:00,R4_dropRedundant,kmeans,"{""init"": ""k-means++"", ""n_init"": 10}",17345,5,train_80pct_seed=17341,95368,23842,0.1005,2.1595,8046.09,0.0973,2.1683,1896.34,0.768,,
c1ee3e1f,2026-06-03T22:49:33+00:00,R4_dropRedundant,kmeans,"{""init"": ""k-means++"", ""n_init"": 10}",17346,5,train_80pct_seed=17341,95368,23842,0.1032,2.1705,7878.63,0.1027,2.1704,1888.53,0.947,,
0a609986,2026-06-03T22:49:35+00:00,R4_dropRedundant,kmeans,"{""init"": ""k-means++"", ""n_init"": 10}",17347,5,train_80pct_seed=17341,95368,23842,0.1148,1.8921,8145.66,0.1093,1.9056,1930.32,0.908,,
46cec5cc,2026-06-03T22:49:36+00:00,R4_dropRedundant,kmeans,"{""init"": ""k-means++"", ""n_init"": 10}",17348,5,train_80pct_seed=17341,95368,23842,0.1024,2.1593,8046.09,0.1019,2.1685,1896.36,0.947,,
c61181f1,2026-06-03T22:49:38+00:00,R4_dropRedundant,kmeans,"{""init"": ""k-means++"", ""n_init"": 10}",17349,5,train_80pct_seed=17341,95368,23842,0.0986,2.1612,8046.05,0.101,2.1693,1896.71,0.876,,
4a433b28,2026-06-03T22:49:39+00:00,R4_dropRedundant,kmeans,"{""init"": ""k-means++"", ""n_init"": 10}",17350,5,train_80pct_seed=17341,95368,23842,0.0988,2.1593,8046.09,0.1007,2.1685,1896.39,0.812,,
9c426bca,2026-06-03T22:50:05+00:00,R0_main,ikmeans,"{""init_source"": ""AP_top_k_by_scatter_pct"", ""n_init"": 1, ""min_cluster_size"": 476, ""n_ap_retained"": 8}",17341,2,train_80pct_seed=17341,95368,23842,0.1016,2.9253,10768.85,0.1072,2.9101,2721.97,4.764,,
bb0cb2ea,2026-06-03T22:50:06+00:00,R0_main,ikmeans,"{""init_source"": ""AP_top_k_by_scatter_pct"", ""n_init"": 1, ""min_cluster_size"": 476, ""n_ap_retained"": 8}",17342,2,train_80pct_seed=17341,95368,23842,0.104,2.9253,10768.85,0.106,2.9101,2721.97,0.094,,
62d708c9,2026-06-03T22:50:07+00:00,R0_main,ikmeans,"{""init_source"": ""AP_top_k_by_scatter_pct"", ""n_init"": 1, ""min_cluster_size"": 476, ""n_ap_retained"": 8}",17343,2,train_80pct_seed=17341,95368,23842,0.1063,2.9253,10768.85,0.1,2.9101,2721.97,0.094,,
7e63ff0c,2026-06-03T22:50:07+00:00,R0_main,ikmeans,"{""init_source"": ""AP_top_k_by_scatter_pct"", ""n_init"": 1, ""min_cluster_size"": 476, ""n_ap_retained"": 8}",17344,2,train_80pct_seed=17341,95368,23842,0.1014,2.9253,10768.85,0.106,2.9101,2721.97,0.094,,
be0abba9,2026-06-03T22:50:08+00:00,R0_main,ikmeans,"{""init_source"": ""AP_top_k_by_scatter_pct"", ""n_init"": 1, ""min_cluster_size"": 476, ""n_ap_retained"": 8}",17345,2,train_80pct_seed=17341,95368,23842,0.1053,2.9253,10768.85,0.1057,2.9101,2721.97,0.09,,
ebe315f4,2026-06-03T22:50:09+00:00,R0_main,ikmeans,"{""init_source"": ""AP_top_k_by_scatter_pct"", ""n_init"": 1, ""min_cluster_size"": 476, ""n_ap_retained"": 8}",17346,2,train_80pct_seed=17341,95368,23842,0.1054,2.9253,10768.85,0.1056,2.9101,2721.97,0.094,,
d1e1595e,2026-06-03T22:50:10+00:00,R0_main,ikmeans,"{""init_source"": ""AP_top_k_by_scatter_pct"", ""n_init"": 1, ""min_cluster_size"": 476, ""n_ap_retained"": 8}",17347,2,train_80pct_seed=17341,95368,23842,0.1046,2.9253,10768.85,0.1052,2.9101,2721.97,0.09,,
cd9a0ba8,2026-06-03T22:50:10+00:00,R0_main,ikmeans,"{""init_source"": ""AP_top_k_by_scatter_pct"", ""n_init"": 1, ""min_cluster_size"": 476, ""n_ap_retained"": 8}",17348,2,train_80pct_seed=17341,95368,23842,0.1048,2.9253,10768.85,0.105,2.9101,2721.97,0.095,,
7bc005a4,2026-06-03T22:50:11+00:00,R0_main,ikmeans,"{""init_source"": ""AP_top_k_by_scatter_pct"", ""n_init"": 1, ""min_cluster_size"": 476, ""n_ap_retained"": 8}",17349,2,train_80pct_seed=17341,95368,23842,0.1017,2.9253,10768.85,0.1029,2.9101,2721.97,0.092,,
63a59211,2026-06-03T22:50:12+00:00,R0_main,ikmeans,"{""init_source"": ""AP_top_k_by_scatter_pct"", ""n_init"": 1, ""min_cluster_size"": 476, ""n_ap_retained"": 8}",17350,2,train_80pct_seed=17341,95368,23842,0.1011,2.9253,10768.85,0.1053,2.9101,2721.97,0.093,,
9e75082c,2026-06-03T22:50:13+00:00,R0_main,ikmeans,"{""init_source"": ""AP_top_k_by_scatter_pct"", ""n_init"": 1, ""min_cluster_size"": 476, ""n_ap_retained"": 8}",17341,3,train_80pct_seed=17341,95368,23842,0.1047,2.5182,10145.17,0.1086,2.5116,2536.58,4.753,,
f51982d3,2026-06-03T22:50:13+00:00,R0_main,ikmeans,"{""init_source"": ""AP_top_k_by_scatter_pct"", ""n_init"": 1, ""min_cluster_size"": 476, ""n_ap_retained"": 8}",17342,3,train_80pct_seed=17341,95368,23842,0.1051,2.5182,10145.17,0.1077,2.5116,2536.58,0.08,,
fa41e93b,2026-06-03T22:50:14+00:00,R0_main,ikmeans,"{""init_source"": ""AP_top_k_by_scatter_pct"", ""n_init"": 1, ""min_cluster_size"": 476, ""n_ap_retained"": 8}",17343,3,train_80pct_seed=17341,95368,23842,0.108,2.5182,10145.17,0.1029,2.5116,2536.58,0.081,,
0db2a01d,2026-06-03T22:50:15+00:00,R0_main,ikmeans,"{""init_source"": ""AP_top_k_by_scatter_pct"", ""n_init"": 1, ""min_cluster_size"": 476, ""n_ap_retained"": 8}",17344,3,train_80pct_seed=17341,95368,23842,0.1062,2.5182,10145.17,0.108,2.5116,2536.58,0.082,,
f0aa576f,2026-06-03T22:50:15+00:00,R0_main,ikmeans,"{""init_source"": ""AP_top_k_by_scatter_pct"", ""n_init"": 1, ""min_cluster_size"": 476, ""n_ap_retained"": 8}",17345,3,train_80pct_seed=17341,95368,23842,0.1075,2.5182,10145.17,0.1078,2.5116,2536.58,0.077,,
f357e7e5,2026-06-03T22:50:16+00:00,R0_main,ikmeans,"{""init_source"": ""AP_top_k_by_scatter_pct"", ""n_init"": 1, ""min_cluster_size"": 476, ""n_ap_retained"": 8}",17346,3,train_80pct_seed=17341,95368,23842,0.1071,2.5182,10145.17,0.108,2.5116,2536.58,0.082,,
22158359,2026-06-03T22:50:17+00:00,R0_main,ikmeans,"{""init_source"": ""AP_top_k_by_scatter_pct"", ""n_init"": 1, ""min_cluster_size"": 476, ""n_ap_retained"": 8}",17347,3,train_80pct_seed=17341,95368,23842,0.1062,2.5182,10145.17,0.1077,2.5116,2536.58,0.076,,
d495b525,2026-06-03T22:50:18+00:00,R0_main,ikmeans,"{""init_source"": ""AP_top_k_by_scatter_pct"", ""n_init"": 1, ""min_cluster_size"": 476, ""n_ap_retained"": 8}",17348,3,train_80pct_seed=17341,95368,23842,0.1078,2.5182,10145.17,0.1079,2.5116,2536.58,0.088,,
797af988,2026-06-03T22:50:18+00:00,R0_main,ikmeans,"{""init_source"": ""AP_top_k_by_scatter_pct"", ""n_init"": 1, ""min_cluster_size"": 476, ""n_ap_retained"": 8}",17349,3,train_80pct_seed=17341,95368,23842,0.1063,2.5182,10145.17,0.1057,2.5116,2536.58,0.081,,
b9c94acf,2026-06-03T22:50:19+00:00,R0_main,ikmeans,"{""init_source"": ""AP_top_k_by_scatter_pct"", ""n_init"": 1, ""min_cluster_size"": 476, ""n_ap_retained"": 8}",17350,3,train_80pct_seed=17341,95368,23842,0.1052,2.5182,10145.17,0.1089,2.5116,2536.58,0.078,,
38655fd8,2026-06-03T22:50:20+00:00,R0_main,ikmeans,"{""init_source"": ""AP_top_k_by_scatter_pct"", ""n_init"": 1, ""min_cluster_size"": 476, ""n_ap_retained"": 8}",17341,4,train_80pct_seed=17341,95368,23842,0.1218,2.3645,9550.59,0.1246,2.3606,2392.36,4.77,,
b28887f6,2026-06-03T22:50:21+00:00,R0_main,ikmeans,"{""init_source"": ""AP_top_k_by_scatter_pct"", ""n_init"": 1, ""min_cluster_size"": 476, ""n_ap_retained"": 8}",17342,4,train_80pct_seed=17341,95368,23842,0.1234,2.3645,9550.59,0.1259,2.3606,2392.36,0.094,,
d71a415a,2026-06-03T22:50:21+00:00,R0_main,ikmeans,"{""init_source"": ""AP_top_k_by_scatter_pct"", ""n_init"": 1, ""min_cluster_size"": 476, ""n_ap_retained"": 8}",17343,4,train_80pct_seed=17341,95368,23842,0.1249,2.3645,9550.59,0.1208,2.3606,2392.36,0.094,,
7b126f2a,2026-06-03T22:50:22+00:00,R0_main,ikmeans,"{""init_source"": ""AP_top_k_by_scatter_pct"", ""n_init"": 1, ""min_cluster_size"": 476, ""n_ap_retained"": 8}",17344,4,train_80pct_seed=17341,95368,23842,0.1237,2.3645,9550.59,0.1233,2.3606,2392.36,0.097,,
c396d5bf,2026-06-03T22:50:23+00:00,R0_main,ikmeans,"{""init_source"": ""AP_top_k_by_scatter_pct"", ""n_init"": 1, ""min_cluster_size"": 476, ""n_ap_retained"": 8}",17345,4,train_80pct_seed=17341,95368,23842,0.1229,2.3645,9550.59,0.1236,2.3606,2392.36,0.096,,
9b1bde07,2026-06-03T22:50:23+00:00,R0_main,ikmeans,"{""init_source"": ""AP_top_k_by_scatter_pct"", ""n_init"": 1, ""min_cluster_size"": 476, ""n_ap_retained"": 8}",17346,4,train_80pct_seed=17341,95368,23842,0.1241,2.3645,9550.59,0.1245,2.3606,2392.36,0.1,,
044b83d3,2026-06-03T22:50:24+00:00,R0_main,ikmeans,"{""init_source"": ""AP_top_k_by_scatter_pct"", ""n_init"": 1, ""min_cluster_size"": 476, ""n_ap_retained"": 8}",17347,4,train_80pct_seed=17341,95368,23842,0.1208,2.3645,9550.59,0.1226,2.3606,2392.36,0.092,,
0181ac94,2026-06-03T22:50:25+00:00,R0_main,ikmeans,"{""init_source"": ""AP_top_k_by_scatter_pct"", ""n_init"": 1, ""min_cluster_size"": 476, ""n_ap_retained"": 8}",17348,4,train_80pct_seed=17341,95368,23842,0.1256,2.3645,9550.59,0.123,2.3606,2392.36,0.092,,
dd53f99d,2026-06-03T22:50:26+00:00,R0_main,ikmeans,"{""init_source"": ""AP_top_k_by_scatter_pct"", ""n_init"": 1, ""min_cluster_size"": 476, ""n_ap_retained"": 8}",17349,4,train_80pct_seed=17341,95368,23842,0.1224,2.3645,9550.59,0.1227,2.3606,2392.36,0.096,,
1e21168c,2026-06-03T22:50:26+00:00,R0_main,ikmeans,"{""init_source"": ""AP_top_k_by_scatter_pct"", ""n_init"": 1, ""min_cluster_size"": 476, ""n_ap_retained"": 8}",17350,4,train_80pct_seed=17341,95368,23842,0.1213,2.3645,9550.59,0.1252,2.3606,2392.36,0.091,,
54439526,2026-06-03T22:50:27+00:00,R0_main,ikmeans,"{""init_source"": ""AP_top_k_by_scatter_pct"", ""n_init"": 1, ""min_cluster_size"": 476, ""n_ap_retained"": 8}",17341,5,train_80pct_seed=17341,95368,23842,0.1023,2.3082,8348.49,0.1046,2.306,2095.02,4.767,,
1489fec4,2026-06-03T22:50:28+00:00,R0_main,ikmeans,"{""init_source"": ""AP_top_k_by_scatter_pct"", ""n_init"": 1, ""min_cluster_size"": 476, ""n_ap_retained"": 8}",17342,5,train_80pct_seed=17341,95368,23842,0.1017,2.3082,8348.49,0.1045,2.306,2095.02,0.103,,
2f74a6e1,2026-06-03T22:50:29+00:00,R0_main,ikmeans,"{""init_source"": ""AP_top_k_by_scatter_pct"", ""n_init"": 1, ""min_cluster_size"": 476, ""n_ap_retained"": 8}",17343,5,train_80pct_seed=17341,95368,23842,0.1018,2.3082,8348.49,0.101,2.306,2095.02,0.093,,
2c3a0f79,2026-06-03T22:50:29+00:00,R0_main,ikmeans,"{""init_source"": ""AP_top_k_by_scatter_pct"", ""n_init"": 1, ""min_cluster_size"": 476, ""n_ap_retained"": 8}",17344,5,train_80pct_seed=17341,95368,23842,0.1027,2.3082,8348.49,0.1019,2.306,2095.02,0.101,,
4d788507,2026-06-03T22:50:30+00:00,R0_main,ikmeans,"{""init_source"": ""AP_top_k_by_scatter_pct"", ""n_init"": 1, ""min_cluster_size"": 476, ""n_ap_retained"": 8}",17345,5,train_80pct_seed=17341,95368,23842,0.1027,2.3082,8348.49,0.1039,2.306,2095.02,0.096,,
42c24cb5,2026-06-03T22:50:31+00:00,R0_main,ikmeans,"{""init_source"": ""AP_top_k_by_scatter_pct"", ""n_init"": 1, ""min_cluster_size"": 476, ""n_ap_retained"": 8}",17346,5,train_80pct_seed=17341,95368,23842,0.1027,2.3082,8348.49,0.103,2.306,2095.02,0.1,,
1ef6163a,2026-06-03T22:50:31+00:00,R0_main,ikmeans,"{""init_source"": ""AP_top_k_by_scatter_pct"", ""n_init"": 1, ""min_cluster_size"": 476, ""n_ap_retained"": 8}",17347,5,train_80pct_seed=17341,95368,23842,0.1006,2.3082,8348.49,0.1011,2.306,2095.02,0.096,,
f35a3aa9,2026-06-03T22:50:32+00:00,R0_main,ikmeans,"{""init_source"": ""AP_top_k_by_scatter_pct"", ""n_init"": 1, ""min_cluster_size"": 476, ""n_ap_retained"": 8}",17348,5,train_80pct_seed=17341,95368,23842,0.1043,2.3082,8348.49,0.1035,2.306,2095.02,0.095,,
30615b9c,2026-06-03T22:50:33+00:00,R0_main,ikmeans,"{""init_source"": ""AP_top_k_by_scatter_pct"", ""n_init"": 1, ""min_cluster_size"": 476, ""n_ap_retained"": 8}",17349,5,train_80pct_seed=17341,95368,23842,0.1007,2.3082,8348.49,0.102,2.306,2095.02,0.095,,
1806f827,2026-06-03T22:50:34+00:00,R0_main,ikmeans,"{""init_source"": ""AP_top_k_by_scatter_pct"", ""n_init"": 1, ""min_cluster_size"": 476, ""n_ap_retained"": 8}",17350,5,train_80pct_seed=17341,95368,23842,0.1006,2.3082,8348.49,0.1039,2.306,2095.02,0.101,,
d57f4ee3,2026-06-03T22:50:34+00:00,R1_robust,ikmeans,"{""init_source"": ""AP_top_k_by_scatter_pct"", ""n_init"": 1, ""min_cluster_size"": 476, ""n_ap_retained"": 8}",17341,2,train_80pct_seed=17341,95368,23842,0.1016,2.9253,10768.85,0.1072,2.9101,2721.97,4.817,,
515e2845,2026-06-03T22:50:35+00:00,R1_robust,ikmeans,"{""init_source"": ""AP_top_k_by_scatter_pct"", ""n_init"": 1, ""min_cluster_size"": 476, ""n_ap_retained"": 8}",17342,2,train_80pct_seed=17341,95368,23842,0.104,2.9253,10768.85,0.106,2.9101,2721.97,0.086,,
609aa368,2026-06-03T22:50:36+00:00,R1_robust,ikmeans,"{""init_source"": ""AP_top_k_by_scatter_pct"", ""n_init"": 1, ""min_cluster_size"": 476, ""n_ap_retained"": 8}",17343,2,train_80pct_seed=17341,95368,23842,0.1063,2.9253,10768.85,0.1,2.9101,2721.97,0.087,,
61a05658,2026-06-03T22:50:37+00:00,R1_robust,ikmeans,"{""init_source"": ""AP_top_k_by_scatter_pct"", ""n_init"": 1, ""min_cluster_size"": 476, ""n_ap_retained"": 8}",17344,2,train_80pct_seed=17341,95368,23842,0.1014,2.9253,10768.85,0.106,2.9101,2721.97,0.087,,
b58f6dd2,2026-06-03T22:50:37+00:00,R1_robust,ikmeans,"{""init_source"": ""AP_top_k_by_scatter_pct"", ""n_init"": 1, ""min_cluster_size"": 476, ""n_ap_retained"": 8}",17345,2,train_80pct_seed=17341,95368,23842,0.1053,2.9253,10768.85,0.1057,2.9101,2721.97,0.092,,
b9113c8d,2026-06-03T22:50:38+00:00,R1_robust,ikmeans,"{""init_source"": ""AP_top_k_by_scatter_pct"", ""n_init"": 1, ""min_cluster_size"": 476, ""n_ap_retained"": 8}",17346,2,train_80pct_seed=17341,95368,23842,0.1054,2.9253,10768.85,0.1056,2.9101,2721.97,0.091,,
15f08619,2026-06-03T22:50:39+00:00,R1_robust,ikmeans,"{""init_source"": ""AP_top_k_by_scatter_pct"", ""n_init"": 1, ""min_cluster_size"": 476, ""n_ap_retained"": 8}",17347,2,train_80pct_seed=17341,95368,23842,0.1046,2.9253,10768.85,0.1052,2.9101,2721.97,0.089,,
4306185c,2026-06-03T22:50:40+00:00,R1_robust,ikmeans,"{""init_source"": ""AP_top_k_by_scatter_pct"", ""n_init"": 1, ""min_cluster_size"": 476, ""n_ap_retained"": 8}",17348,2,train_80pct_seed=17341,95368,23842,0.1048,2.9253,10768.85,0.105,2.9101,2721.97,0.089,,
8deb6cbc,2026-06-03T22:50:40+00:00,R1_robust,ikmeans,"{""init_source"": ""AP_top_k_by_scatter_pct"", ""n_init"": 1, ""min_cluster_size"": 476, ""n_ap_retained"": 8}",17349,2,train_80pct_seed=17341,95368,23842,0.1017,2.9253,10768.85,0.1029,2.9101,2721.97,0.095,,
3dac0bdb,2026-06-03T22:50:41+00:00,R1_robust,ikmeans,"{""init_source"": ""AP_top_k_by_scatter_pct"", ""n_init"": 1, ""min_cluster_size"": 476, ""n_ap_retained"": 8}",17350,2,train_80pct_seed=17341,95368,23842,0.1011,2.9253,10768.85,0.1053,2.9101,2721.97,0.091,,
ce7df085,2026-06-03T22:50:42+00:00,R1_robust,ikmeans,"{""init_source"": ""AP_top_k_by_scatter_pct"", ""n_init"": 1, ""min_cluster_size"": 476, ""n_ap_retained"": 8}",17341,3,train_80pct_seed=17341,95368,23842,0.1047,2.5182,10145.17,0.1086,2.5116,2536.58,4.806,,
0dd24c76,2026-06-03T22:50:42+00:00,R1_robust,ikmeans,"{""init_source"": ""AP_top_k_by_scatter_pct"", ""n_init"": 1, ""min_cluster_size"": 476, ""n_ap_retained"": 8}",17342,3,train_80pct_seed=17341,95368,23842,0.1051,2.5182,10145.17,0.1077,2.5116,2536.58,0.084,,
be4f5596,2026-06-03T22:50:43+00:00,R1_robust,ikmeans,"{""init_source"": ""AP_top_k_by_scatter_pct"", ""n_init"": 1, ""min_cluster_size"": 476, ""n_ap_retained"": 8}",17343,3,train_80pct_seed=17341,95368,23842,0.108,2.5182,10145.17,0.1029,2.5116,2536.58,0.082,,
d6d6eb03,2026-06-03T22:50:44+00:00,R1_robust,ikmeans,"{""init_source"": ""AP_top_k_by_scatter_pct"", ""n_init"": 1, ""min_cluster_size"": 476, ""n_ap_retained"": 8}",17344,3,train_80pct_seed=17341,95368,23842,0.1062,2.5182,10145.17,0.108,2.5116,2536.58,0.08,,
80b9f4e2,2026-06-03T22:50:45+00:00,R1_robust,ikmeans,"{""init_source"": ""AP_top_k_by_scatter_pct"", ""n_init"": 1, ""min_cluster_size"": 476, ""n_ap_retained"": 8}",17345,3,train_80pct_seed=17341,95368,23842,0.1075,2.5182,10145.17,0.1078,2.5116,2536.58,0.082,,
977e4172,2026-06-03T22:50:45+00:00,R1_robust,ikmeans,"{""init_source"": ""AP_top_k_by_scatter_pct"", ""n_init"": 1, ""min_cluster_size"": 476, ""n_ap_retained"": 8}",17346,3,train_80pct_seed=17341,95368,23842,0.1071,2.5182,10145.17,0.108,2.5116,2536.58,0.081,,
5b08ccbe,2026-06-03T22:50:46+00:00,R1_robust,ikmeans,"{""init_source"": ""AP_top_k_by_scatter_pct"", ""n_init"": 1, ""min_cluster_size"": 476, ""n_ap_retained"": 8}",17347,3,train_80pct_seed=17341,95368,23842,0.1062,2.5182,10145.17,0.1077,2.5116,2536.58,0.082,,
7abcda65,2026-06-03T22:50:47+00:00,R1_robust,ikmeans,"{""init_source"": ""AP_top_k_by_scatter_pct"", ""n_init"": 1, ""min_cluster_size"": 476, ""n_ap_retained"": 8}",17348,3,train_80pct_seed=17341,95368,23842,0.1078,2.5182,10145.17,0.1079,2.5116,2536.58,0.078,,
24686662,2026-06-03T22:50:48+00:00,R1_robust,ikmeans,"{""init_source"": ""AP_top_k_by_scatter_pct"", ""n_init"": 1, ""min_cluster_size"": 476, ""n_ap_retained"": 8}",17349,3,train_80pct_seed=17341,95368,23842,0.1063,2.5182,10145.17,0.1057,2.5116,2536.58,0.084,,
d0ff70df,2026-06-03T22:50:48+00:00,R1_robust,ikmeans,"{""init_source"": ""AP_top_k_by_scatter_pct"", ""n_init"": 1, ""min_cluster_size"": 476, ""n_ap_retained"": 8}",17350,3,train_80pct_seed=17341,95368,23842,0.1052,2.5182,10145.17,0.1089,2.5116,2536.58,0.078,,
aebe5cf3,2026-06-03T22:50:49+00:00,R1_robust,ikmeans,"{""init_source"": ""AP_top_k_by_scatter_pct"", ""n_init"": 1, ""min_cluster_size"": 476, ""n_ap_retained"": 8}",17341,4,train_80pct_seed=17341,95368,23842,0.1218,2.3645,9550.59,0.1246,2.3606,2392.36,4.825,,
c2a4a059,2026-06-03T22:50:50+00:00,R1_robust,ikmeans,"{""init_source"": ""AP_top_k_by_scatter_pct"", ""n_init"": 1, ""min_cluster_size"": 476, ""n_ap_retained"": 8}",17342,4,train_80pct_seed=17341,95368,23842,0.1234,2.3645,9550.59,0.1259,2.3606,2392.36,0.095,,
7a8e5d7b,2026-06-03T22:50:50+00:00,R1_robust,ikmeans,"{""init_source"": ""AP_top_k_by_scatter_pct"", ""n_init"": 1, ""min_cluster_size"": 476, ""n_ap_retained"": 8}",17343,4,train_80pct_seed=17341,95368,23842,0.1249,2.3645,9550.59,0.1208,2.3606,2392.36,0.095,,
bb181381,2026-06-03T22:50:51+00:00,R1_robust,ikmeans,"{""init_source"": ""AP_top_k_by_scatter_pct"", ""n_init"": 1, ""min_cluster_size"": 476, ""n_ap_retained"": 8}",17344,4,train_80pct_seed=17341,95368,23842,0.1237,2.3645,9550.59,0.1233,2.3606,2392.36,0.103,,
82506244,2026-06-03T22:50:52+00:00,R1_robust,ikmeans,"{""init_source"": ""AP_top_k_by_scatter_pct"", ""n_init"": 1, ""min_cluster_size"": 476, ""n_ap_retained"": 8}",17345,4,train_80pct_seed=17341,95368,23842,0.1229,2.3645,9550.59,0.1236,2.3606,2392.36,0.103,,
f03deaed,2026-06-03T22:50:53+00:00,R1_robust,ikmeans,"{""init_source"": ""AP_top_k_by_scatter_pct"", ""n_init"": 1, ""min_cluster_size"": 476, ""n_ap_retained"": 8}",17346,4,train_80pct_seed=17341,95368,23842,0.1241,2.3645,9550.59,0.1245,2.3606,2392.36,0.094,,
eaadaf14,2026-06-03T22:50:53+00:00,R1_robust,ikmeans,"{""init_source"": ""AP_top_k_by_scatter_pct"", ""n_init"": 1, ""min_cluster_size"": 476, ""n_ap_retained"": 8}",17347,4,train_80pct_seed=17341,95368,23842,0.1208,2.3645,9550.59,0.1226,2.3606,2392.36,0.095,,
c77ae31d,2026-06-03T22:50:54+00:00,R1_robust,ikmeans,"{""init_source"": ""AP_top_k_by_scatter_pct"", ""n_init"": 1, ""min_cluster_size"": 476, ""n_ap_retained"": 8}",17348,4,train_80pct_seed=17341,95368,23842,0.1256,2.3645,9550.59,0.123,2.3606,2392.36,0.098,,
c7d78909,2026-06-03T22:50:55+00:00,R1_robust,ikmeans,"{""init_source"": ""AP_top_k_by_scatter_pct"", ""n_init"": 1, ""min_cluster_size"": 476, ""n_ap_retained"": 8}",17349,4,train_80pct_seed=17341,95368,23842,0.1224,2.3645,9550.59,0.1227,2.3606,2392.36,0.097,,
f768b7cc,2026-06-03T22:50:55+00:00,R1_robust,ikmeans,"{""init_source"": ""AP_top_k_by_scatter_pct"", ""n_init"": 1, ""min_cluster_size"": 476, ""n_ap_retained"": 8}",17350,4,train_80pct_seed=17341,95368,23842,0.1213,2.3645,9550.59,0.1252,2.3606,2392.36,0.095,,
f051ba86,2026-06-03T22:50:56+00:00,R1_robust,ikmeans,"{""init_source"": ""AP_top_k_by_scatter_pct"", ""n_init"": 1, ""min_cluster_size"": 476, ""n_ap_retained"": 8}",17341,5,train_80pct_seed=17341,95368,23842,0.1023,2.3082,8348.49,0.1046,2.306,2095.02,4.823,,
f5d495db,2026-06-03T22:50:57+00:00,R1_robust,ikmeans,"{""init_source"": ""AP_top_k_by_scatter_pct"", ""n_init"": 1, ""min_cluster_size"": 476, ""n_ap_retained"": 8}",17342,5,train_80pct_seed=17341,95368,23842,0.1017,2.3082,8348.49,0.1045,2.306,2095.02,0.095,,
85fb1064,2026-06-03T22:50:58+00:00,R1_robust,ikmeans,"{""init_source"": ""AP_top_k_by_scatter_pct"", ""n_init"": 1, ""min_cluster_size"": 476, ""n_ap_retained"": 8}",17343,5,train_80pct_seed=17341,95368,23842,0.1018,2.3082,8348.49,0.101,2.306,2095.02,0.105,,
d795acb6,2026-06-03T22:50:58+00:00,R1_robust,ikmeans,"{""init_source"": ""AP_top_k_by_scatter_pct"", ""n_init"": 1, ""min_cluster_size"": 476, ""n_ap_retained"": 8}",17344,5,train_80pct_seed=17341,95368,23842,0.1027,2.3082,8348.49,0.1019,2.306,2095.02,0.099,,
c90a330f,2026-06-03T22:50:59+00:00,R1_robust,ikmeans,"{""init_source"": ""AP_top_k_by_scatter_pct"", ""n_init"": 1, ""min_cluster_size"": 476, ""n_ap_retained"": 8}",17345,5,train_80pct_seed=17341,95368,23842,0.1027,2.3082,8348.49,0.1039,2.306,2095.02,0.1,,
cb4262a3,2026-06-03T22:51:00+00:00,R1_robust,ikmeans,"{""init_source"": ""AP_top_k_by_scatter_pct"", ""n_init"": 1, ""min_cluster_size"": 476, ""n_ap_retained"": 8}",17346,5,train_80pct_seed=17341,95368,23842,0.1027,2.3082,8348.49,0.103,2.306,2095.02,0.102,,
f5c17349,2026-06-03T22:51:01+00:00,R1_robust,ikmeans,"{""init_source"": ""AP_top_k_by_scatter_pct"", ""n_init"": 1, ""min_cluster_size"": 476, ""n_ap_retained"": 8}",17347,5,train_80pct_seed=17341,95368,23842,0.1006,2.3082,8348.49,0.1011,2.306,2095.02,0.099,,
42ab14a2,2026-06-03T22:51:01+00:00,R1_robust,ikmeans,"{""init_source"": ""AP_top_k_by_scatter_pct"", ""n_init"": 1, ""min_cluster_size"": 476, ""n_ap_retained"": 8}",17348,5,train_80pct_seed=17341,95368,23842,0.1043,2.3082,8348.49,0.1035,2.306,2095.02,0.099,,
40404546,2026-06-03T22:51:02+00:00,R1_robust,ikmeans,"{""init_source"": ""AP_top_k_by_scatter_pct"", ""n_init"": 1, ""min_cluster_size"": 476, ""n_ap_retained"": 8}",17349,5,train_80pct_seed=17341,95368,23842,0.1007,2.3082,8348.49,0.102,2.306,2095.02,0.098,,
ccecae4e,2026-06-03T22:51:03+00:00,R1_robust,ikmeans,"{""init_source"": ""AP_top_k_by_scatter_pct"", ""n_init"": 1, ""min_cluster_size"": 476, ""n_ap_retained"": 8}",17350,5,train_80pct_seed=17341,95368,23842,0.1006,2.3082,8348.49,0.1039,2.306,2095.02,0.1,,
f202ce8e,2026-06-03T22:51:04+00:00,R2_withADR,ikmeans,"{""init_source"": ""AP_top_k_by_scatter_pct"", ""n_init"": 1, ""min_cluster_size"": 476, ""n_ap_retained"": 8}",17341,2,train_80pct_seed=17341,95368,23842,0.1016,2.9253,10768.81,0.1072,2.9101,2721.96,4.822,,
29696eae,2026-06-03T22:51:04+00:00,R2_withADR,ikmeans,"{""init_source"": ""AP_top_k_by_scatter_pct"", ""n_init"": 1, ""min_cluster_size"": 476, ""n_ap_retained"": 8}",17342,2,train_80pct_seed=17341,95368,23842,0.104,2.9253,10768.81,0.106,2.9101,2721.96,0.097,,
19bbd123,2026-06-03T22:51:05+00:00,R2_withADR,ikmeans,"{""init_source"": ""AP_top_k_by_scatter_pct"", ""n_init"": 1, ""min_cluster_size"": 476, ""n_ap_retained"": 8}",17343,2,train_80pct_seed=17341,95368,23842,0.1063,2.9253,10768.81,0.1,2.9101,2721.96,0.097,,
817846dd,2026-06-03T22:51:06+00:00,R2_withADR,ikmeans,"{""init_source"": ""AP_top_k_by_scatter_pct"", ""n_init"": 1, ""min_cluster_size"": 476, ""n_ap_retained"": 8}",17344,2,train_80pct_seed=17341,95368,23842,0.1014,2.9253,10768.81,0.106,2.9101,2721.96,0.089,,
522375bd,2026-06-03T22:51:07+00:00,R2_withADR,ikmeans,"{""init_source"": ""AP_top_k_by_scatter_pct"", ""n_init"": 1, ""min_cluster_size"": 476, ""n_ap_retained"": 8}",17345,2,train_80pct_seed=17341,95368,23842,0.1053,2.9253,10768.81,0.1057,2.9101,2721.96,0.096,,
1b01c9fa,2026-06-03T22:51:07+00:00,R2_withADR,ikmeans,"{""init_source"": ""AP_top_k_by_scatter_pct"", ""n_init"": 1, ""min_cluster_size"": 476, ""n_ap_retained"": 8}",17346,2,train_80pct_seed=17341,95368,23842,0.1054,2.9253,10768.81,0.1056,2.9101,2721.96,0.095,,
aa3403e0,2026-06-03T22:51:08+00:00,R2_withADR,ikmeans,"{""init_source"": ""AP_top_k_by_scatter_pct"", ""n_init"": 1, ""min_cluster_size"": 476, ""n_ap_retained"": 8}",17347,2,train_80pct_seed=17341,95368,23842,0.1046,2.9253,10768.81,0.1052,2.9101,2721.96,0.09,,
adc71ac8,2026-06-03T22:51:09+00:00,R2_withADR,ikmeans,"{""init_source"": ""AP_top_k_by_scatter_pct"", ""n_init"": 1, ""min_cluster_size"": 476, ""n_ap_retained"": 8}",17348,2,train_80pct_seed=17341,95368,23842,0.1048,2.9253,10768.81,0.105,2.9101,2721.96,0.088,,
af66a890,2026-06-03T22:51:10+00:00,R2_withADR,ikmeans,"{""init_source"": ""AP_top_k_by_scatter_pct"", ""n_init"": 1, ""min_cluster_size"": 476, ""n_ap_retained"": 8}",17349,2,train_80pct_seed=17341,95368,23842,0.1017,2.9253,10768.81,0.1029,2.9101,2721.96,0.092,,
fc1629f7,2026-06-03T22:51:10+00:00,R2_withADR,ikmeans,"{""init_source"": ""AP_top_k_by_scatter_pct"", ""n_init"": 1, ""min_cluster_size"": 476, ""n_ap_retained"": 8}",17350,2,train_80pct_seed=17341,95368,23842,0.1011,2.9253,10768.81,0.1053,2.9101,2721.96,0.091,,
1b8a5f2f,2026-06-03T22:51:11+00:00,R2_withADR,ikmeans,"{""init_source"": ""AP_top_k_by_scatter_pct"", ""n_init"": 1, ""min_cluster_size"": 476, ""n_ap_retained"": 8}",17341,3,train_80pct_seed=17341,95368,23842,0.1047,2.5182,10145.04,0.1086,2.5116,2536.55,4.815,,
9f41dc07,2026-06-03T22:51:12+00:00,R2_withADR,ikmeans,"{""init_source"": ""AP_top_k_by_scatter_pct"", ""n_init"": 1, ""min_cluster_size"": 476, ""n_ap_retained"": 8}",17342,3,train_80pct_seed=17341,95368,23842,0.1051,2.5182,10145.04,0.1077,2.5116,2536.55,0.083,,
eda87092,2026-06-03T22:51:12+00:00,R2_withADR,ikmeans,"{""init_source"": ""AP_top_k_by_scatter_pct"", ""n_init"": 1, ""min_cluster_size"": 476, ""n_ap_retained"": 8}",17343,3,train_80pct_seed=17341,95368,23842,0.108,2.5182,10145.04,0.1029,2.5116,2536.55,0.081,,
0abc897b,2026-06-03T22:51:13+00:00,R2_withADR,ikmeans,"{""init_source"": ""AP_top_k_by_scatter_pct"", ""n_init"": 1, ""min_cluster_size"": 476, ""n_ap_retained"": 8}",17344,3,train_80pct_seed=17341,95368,23842,0.1062,2.5182,10145.04,0.108,2.5116,2536.55,0.08,,
a00ac47f,2026-06-03T22:51:14+00:00,R2_withADR,ikmeans,"{""init_source"": ""AP_top_k_by_scatter_pct"", ""n_init"": 1, ""min_cluster_size"": 476, ""n_ap_retained"": 8}",17345,3,train_80pct_seed=17341,95368,23842,0.1075,2.5182,10145.04,0.1078,2.5116,2536.55,0.077,,
c0b8c1b7,2026-06-03T22:51:15+00:00,R2_withADR,ikmeans,"{""init_source"": ""AP_top_k_by_scatter_pct"", ""n_init"": 1, ""min_cluster_size"": 476, ""n_ap_retained"": 8}",17346,3,train_80pct_seed=17341,95368,23842,0.1071,2.5182,10145.04,0.108,2.5116,2536.55,0.079,,
ff5f06cb,2026-06-03T22:51:15+00:00,R2_withADR,ikmeans,"{""init_source"": ""AP_top_k_by_scatter_pct"", ""n_init"": 1, ""min_cluster_size"": 476, ""n_ap_retained"": 8}",17347,3,train_80pct_seed=17341,95368,23842,0.1062,2.5182,10145.04,0.1077,2.5116,2536.55,0.081,,
97b03783,2026-06-03T22:51:16+00:00,R2_withADR,ikmeans,"{""init_source"": ""AP_top_k_by_scatter_pct"", ""n_init"": 1, ""min_cluster_size"": 476, ""n_ap_retained"": 8}",17348,3,train_80pct_seed=17341,95368,23842,0.1078,2.5182,10145.04,0.1079,2.5116,2536.55,0.081,,
b60cde2b,2026-06-03T22:51:17+00:00,R2_withADR,ikmeans,"{""init_source"": ""AP_top_k_by_scatter_pct"", ""n_init"": 1, ""min_cluster_size"": 476, ""n_ap_retained"": 8}",17349,3,train_80pct_seed=17341,95368,23842,0.1063,2.5182,10145.04,0.1057,2.5116,2536.55,0.079,,
4df9772a,2026-06-03T22:51:17+00:00,R2_withADR,ikmeans,"{""init_source"": ""AP_top_k_by_scatter_pct"", ""n_init"": 1, ""min_cluster_size"": 476, ""n_ap_retained"": 8}",17350,3,train_80pct_seed=17341,95368,23842,0.1052,2.5182,10145.04,0.1089,2.5116,2536.55,0.081,,
3d533e01,2026-06-03T22:51:18+00:00,R2_withADR,ikmeans,"{""init_source"": ""AP_top_k_by_scatter_pct"", ""n_init"": 1, ""min_cluster_size"": 476, ""n_ap_retained"": 8}",17341,4,train_80pct_seed=17341,95368,23842,0.1218,2.3645,9550.43,0.1246,2.3606,2392.33,4.834,,
3ccd6256,2026-06-03T22:51:19+00:00,R2_withADR,ikmeans,"{""init_source"": ""AP_top_k_by_scatter_pct"", ""n_init"": 1, ""min_cluster_size"": 476, ""n_ap_retained"": 8}",17342,4,train_80pct_seed=17341,95368,23842,0.1234,2.3645,9550.43,0.1259,2.3606,2392.33,0.094,,
b908fe59,2026-06-03T22:51:20+00:00,R2_withADR,ikmeans,"{""init_source"": ""AP_top_k_by_scatter_pct"", ""n_init"": 1, ""min_cluster_size"": 476, ""n_ap_retained"": 8}",17343,4,train_80pct_seed=17341,95368,23842,0.1249,2.3645,9550.43,0.1208,2.3606,2392.33,0.096,,
bae4e7f8,2026-06-03T22:51:20+00:00,R2_withADR,ikmeans,"{""init_source"": ""AP_top_k_by_scatter_pct"", ""n_init"": 1, ""min_cluster_size"": 476, ""n_ap_retained"": 8}",17344,4,train_80pct_seed=17341,95368,23842,0.1237,2.3645,9550.43,0.1233,2.3606,2392.33,0.097,,
fec29da5,2026-06-03T22:51:21+00:00,R2_withADR,ikmeans,"{""init_source"": ""AP_top_k_by_scatter_pct"", ""n_init"": 1, ""min_cluster_size"": 476, ""n_ap_retained"": 8}",17345,4,train_80pct_seed=17341,95368,23842,0.1229,2.3645,9550.43,0.1236,2.3606,2392.33,0.098,,
36944f49,2026-06-03T22:51:22+00:00,R2_withADR,ikmeans,"{""init_source"": ""AP_top_k_by_scatter_pct"", ""n_init"": 1, ""min_cluster_size"": 476, ""n_ap_retained"": 8}",17346,4,train_80pct_seed=17341,95368,23842,0.1241,2.3645,9550.43,0.1244,2.3606,2392.33,0.094,,
26ecc7cf,2026-06-03T22:51:23+00:00,R2_withADR,ikmeans,"{""init_source"": ""AP_top_k_by_scatter_pct"", ""n_init"": 1, ""min_cluster_size"": 476, ""n_ap_retained"": 8}",17347,4,train_80pct_seed=17341,95368,23842,0.1208,2.3645,9550.43,0.1226,2.3606,2392.33,0.096,,
22be8d51,2026-06-03T22:51:23+00:00,R2_withADR,ikmeans,"{""init_source"": ""AP_top_k_by_scatter_pct"", ""n_init"": 1, ""min_cluster_size"": 476, ""n_ap_retained"": 8}",17348,4,train_80pct_seed=17341,95368,23842,0.1256,2.3645,9550.43,0.123,2.3606,2392.33,0.092,,
f91e56e1,2026-06-03T22:51:24+00:00,R2_withADR,ikmeans,"{""init_source"": ""AP_top_k_by_scatter_pct"", ""n_init"": 1, ""min_cluster_size"": 476, ""n_ap_retained"": 8}",17349,4,train_80pct_seed=17341,95368,23842,0.1224,2.3645,9550.43,0.1227,2.3606,2392.33,0.102,,
cc83608f,2026-06-03T22:51:25+00:00,R2_withADR,ikmeans,"{""init_source"": ""AP_top_k_by_scatter_pct"", ""n_init"": 1, ""min_cluster_size"": 476, ""n_ap_retained"": 8}",17350,4,train_80pct_seed=17341,95368,23842,0.1213,2.3645,9550.43,0.1252,2.3606,2392.33,0.098,,
9f6a0155,2026-06-03T22:51:25+00:00,R2_withADR,ikmeans,"{""init_source"": ""AP_top_k_by_scatter_pct"", ""n_init"": 1, ""min_cluster_size"": 476, ""n_ap_retained"": 8}",17341,5,train_80pct_seed=17341,95368,23842,0.1023,2.3082,8348.35,0.1046,2.306,2094.99,4.832,,
4d367503,2026-06-03T22:51:26+00:00,R2_withADR,ikmeans,"{""init_source"": ""AP_top_k_by_scatter_pct"", ""n_init"": 1, ""min_cluster_size"": 476, ""n_ap_retained"": 8}",17342,5,train_80pct_seed=17341,95368,23842,0.1017,2.3082,8348.35,0.1045,2.306,2094.99,0.098,,
d6561f7c,2026-06-03T22:51:27+00:00,R2_withADR,ikmeans,"{""init_source"": ""AP_top_k_by_scatter_pct"", ""n_init"": 1, ""min_cluster_size"": 476, ""n_ap_retained"": 8}",17343,5,train_80pct_seed=17341,95368,23842,0.1018,2.3082,8348.35,0.101,2.306,2094.99,0.101,,
48696be7,2026-06-03T22:51:28+00:00,R2_withADR,ikmeans,"{""init_source"": ""AP_top_k_by_scatter_pct"", ""n_init"": 1, ""min_cluster_size"": 476, ""n_ap_retained"": 8}",17344,5,train_80pct_seed=17341,95368,23842,0.1027,2.3082,8348.35,0.1019,2.306,2094.99,0.096,,
05ca2ac1,2026-06-03T22:51:28+00:00,R2_withADR,ikmeans,"{""init_source"": ""AP_top_k_by_scatter_pct"", ""n_init"": 1, ""min_cluster_size"": 476, ""n_ap_retained"": 8}",17345,5,train_80pct_seed=17341,95368,23842,0.1027,2.3082,8348.35,0.1039,2.306,2094.99,0.105,,
3bf95395,2026-06-03T22:51:29+00:00,R2_withADR,ikmeans,"{""init_source"": ""AP_top_k_by_scatter_pct"", ""n_init"": 1, ""min_cluster_size"": 476, ""n_ap_retained"": 8}",17346,5,train_80pct_seed=17341,95368,23842,0.1027,2.3082,8348.35,0.103,2.306,2094.99,0.099,,
4df0ae2a,2026-06-03T22:51:30+00:00,R2_withADR,ikmeans,"{""init_source"": ""AP_top_k_by_scatter_pct"", ""n_init"": 1, ""min_cluster_size"": 476, ""n_ap_retained"": 8}",17347,5,train_80pct_seed=17341,95368,23842,0.1006,2.3082,8348.35,0.1011,2.306,2094.99,0.095,,
009056aa,2026-06-03T22:51:31+00:00,R2_withADR,ikmeans,"{""init_source"": ""AP_top_k_by_scatter_pct"", ""n_init"": 1, ""min_cluster_size"": 476, ""n_ap_retained"": 8}",17348,5,train_80pct_seed=17341,95368,23842,0.1043,2.3082,8348.35,0.1035,2.306,2094.99,0.097,,
ce29a9fd,2026-06-03T22:51:31+00:00,R2_withADR,ikmeans,"{""init_source"": ""AP_top_k_by_scatter_pct"", ""n_init"": 1, ""min_cluster_size"": 476, ""n_ap_retained"": 8}",17349,5,train_80pct_seed=17341,95368,23842,0.1007,2.3082,8348.35,0.102,2.306,2094.99,0.103,,
e7bd53b1,2026-06-03T22:51:32+00:00,R2_withADR,ikmeans,"{""init_source"": ""AP_top_k_by_scatter_pct"", ""n_init"": 1, ""min_cluster_size"": 476, ""n_ap_retained"": 8}",17350,5,train_80pct_seed=17341,95368,23842,0.1006,2.3082,8348.35,0.1039,2.306,2094.99,0.099,,
8a6d3729,2026-06-03T22:51:33+00:00,R3_cyclicMonth,ikmeans,"{""init_source"": ""AP_top_k_by_scatter_pct"", ""n_init"": 1, ""min_cluster_size"": 476, ""n_ap_retained"": 8}",17341,2,train_80pct_seed=17341,95368,23842,0.1192,2.6886,12614.87,0.1259,2.6745,3189.13,4.472,,
a42f722f,2026-06-03T22:51:34+00:00,R3_cyclicMonth,ikmeans,"{""init_source"": ""AP_top_k_by_scatter_pct"", ""n_init"": 1, ""min_cluster_size"": 476, ""n_ap_retained"": 8}",17342,2,train_80pct_seed=17341,95368,23842,0.1221,2.6886,12614.87,0.1245,2.6745,3189.13,0.09,,
f46bb5f5,2026-06-03T22:51:34+00:00,R3_cyclicMonth,ikmeans,"{""init_source"": ""AP_top_k_by_scatter_pct"", ""n_init"": 1, ""min_cluster_size"": 476, ""n_ap_retained"": 8}",17343,2,train_80pct_seed=17341,95368,23842,0.1248,2.6886,12614.87,0.1174,2.6745,3189.13,0.086,,
7fa064a9,2026-06-03T22:51:35+00:00,R3_cyclicMonth,ikmeans,"{""init_source"": ""AP_top_k_by_scatter_pct"", ""n_init"": 1, ""min_cluster_size"": 476, ""n_ap_retained"": 8}",17344,2,train_80pct_seed=17341,95368,23842,0.1193,2.6886,12614.87,0.1246,2.6745,3189.13,0.083,,
b0dd2531,2026-06-03T22:51:36+00:00,R3_cyclicMonth,ikmeans,"{""init_source"": ""AP_top_k_by_scatter_pct"", ""n_init"": 1, ""min_cluster_size"": 476, ""n_ap_retained"": 8}",17345,2,train_80pct_seed=17341,95368,23842,0.1236,2.6886,12614.87,0.124,2.6745,3189.13,0.086,,
a4d49269,2026-06-03T22:51:36+00:00,R3_cyclicMonth,ikmeans,"{""init_source"": ""AP_top_k_by_scatter_pct"", ""n_init"": 1, ""min_cluster_size"": 476, ""n_ap_retained"": 8}",17346,2,train_80pct_seed=17341,95368,23842,0.1237,2.6886,12614.87,0.124,2.6745,3189.13,0.084,,
763c7ce5,2026-06-03T22:51:37+00:00,R3_cyclicMonth,ikmeans,"{""init_source"": ""AP_top_k_by_scatter_pct"", ""n_init"": 1, ""min_cluster_size"": 476, ""n_ap_retained"": 8}",17347,2,train_80pct_seed=17341,95368,23842,0.1228,2.6886,12614.87,0.1236,2.6745,3189.13,0.082,,
39e819e6,2026-06-03T22:51:38+00:00,R3_cyclicMonth,ikmeans,"{""init_source"": ""AP_top_k_by_scatter_pct"", ""n_init"": 1, ""min_cluster_size"": 476, ""n_ap_retained"": 8}",17348,2,train_80pct_seed=17341,95368,23842,0.123,2.6886,12614.87,0.1233,2.6745,3189.13,0.087,,
8bcd6299,2026-06-03T22:51:39+00:00,R3_cyclicMonth,ikmeans,"{""init_source"": ""AP_top_k_by_scatter_pct"", ""n_init"": 1, ""min_cluster_size"": 476, ""n_ap_retained"": 8}",17349,2,train_80pct_seed=17341,95368,23842,0.1194,2.6886,12614.87,0.1209,2.6745,3189.13,0.083,,
236c3e44,2026-06-03T22:51:39+00:00,R3_cyclicMonth,ikmeans,"{""init_source"": ""AP_top_k_by_scatter_pct"", ""n_init"": 1, ""min_cluster_size"": 476, ""n_ap_retained"": 8}",17350,2,train_80pct_seed=17341,95368,23842,0.1188,2.6886,12614.87,0.1239,2.6745,3189.13,0.085,,
b2e28b2b,2026-06-03T22:51:40+00:00,R3_cyclicMonth,ikmeans,"{""init_source"": ""AP_top_k_by_scatter_pct"", ""n_init"": 1, ""min_cluster_size"": 476, ""n_ap_retained"": 8}",17341,3,train_80pct_seed=17341,95368,23842,0.1247,2.2902,12088.68,0.1295,2.2847,3022.39,4.47,,
cfa4b3da,2026-06-03T22:51:41+00:00,R3_cyclicMonth,ikmeans,"{""init_source"": ""AP_top_k_by_scatter_pct"", ""n_init"": 1, ""min_cluster_size"": 476, ""n_ap_retained"": 8}",17342,3,train_80pct_seed=17341,95368,23842,0.1254,2.2902,12088.68,0.1286,2.2847,3022.39,0.087,,
04383dd4,2026-06-03T22:51:41+00:00,R3_cyclicMonth,ikmeans,"{""init_source"": ""AP_top_k_by_scatter_pct"", ""n_init"": 1, ""min_cluster_size"": 476, ""n_ap_retained"": 8}",17343,3,train_80pct_seed=17341,95368,23842,0.129,2.2902,12088.68,0.1227,2.2847,3022.39,0.085,,
b178d8ec,2026-06-03T22:51:42+00:00,R3_cyclicMonth,ikmeans,"{""init_source"": ""AP_top_k_by_scatter_pct"", ""n_init"": 1, ""min_cluster_size"": 476, ""n_ap_retained"": 8}",17344,3,train_80pct_seed=17341,95368,23842,0.1267,2.2902,12088.68,0.1289,2.2847,3022.39,0.088,,
5610a4af,2026-06-03T22:51:43+00:00,R3_cyclicMonth,ikmeans,"{""init_source"": ""AP_top_k_by_scatter_pct"", ""n_init"": 1, ""min_cluster_size"": 476, ""n_ap_retained"": 8}",17345,3,train_80pct_seed=17341,95368,23842,0.1283,2.2902,12088.68,0.1286,2.2847,3022.39,0.081,,
6b9e7e47,2026-06-03T22:51:44+00:00,R3_cyclicMonth,ikmeans,"{""init_source"": ""AP_top_k_by_scatter_pct"", ""n_init"": 1, ""min_cluster_size"": 476, ""n_ap_retained"": 8}",17346,3,train_80pct_seed=17341,95368,23842,0.1278,2.2902,12088.68,0.1286,2.2847,3022.39,0.082,,
be3110fa,2026-06-03T22:51:44+00:00,R3_cyclicMonth,ikmeans,"{""init_source"": ""AP_top_k_by_scatter_pct"", ""n_init"": 1, ""min_cluster_size"": 476, ""n_ap_retained"": 8}",17347,3,train_80pct_seed=17341,95368,23842,0.1268,2.2902,12088.68,0.1285,2.2847,3022.39,0.083,,
3b6730d6,2026-06-03T22:51:45+00:00,R3_cyclicMonth,ikmeans,"{""init_source"": ""AP_top_k_by_scatter_pct"", ""n_init"": 1, ""min_cluster_size"": 476, ""n_ap_retained"": 8}",17348,3,train_80pct_seed=17341,95368,23842,0.1287,2.2902,12088.68,0.1286,2.2847,3022.39,0.078,,
f267ffc5,2026-06-03T22:51:46+00:00,R3_cyclicMonth,ikmeans,"{""init_source"": ""AP_top_k_by_scatter_pct"", ""n_init"": 1, ""min_cluster_size"": 476, ""n_ap_retained"": 8}",17349,3,train_80pct_seed=17341,95368,23842,0.1267,2.2902,12088.68,0.1262,2.2847,3022.39,0.081,,
69fcfe1f,2026-06-03T22:51:46+00:00,R3_cyclicMonth,ikmeans,"{""init_source"": ""AP_top_k_by_scatter_pct"", ""n_init"": 1, ""min_cluster_size"": 476, ""n_ap_retained"": 8}",17350,3,train_80pct_seed=17341,95368,23842,0.1254,2.2902,12088.68,0.1301,2.2847,3022.39,0.081,,
bd02965f,2026-06-03T22:51:47+00:00,R3_cyclicMonth,ikmeans,"{""init_source"": ""AP_top_k_by_scatter_pct"", ""n_init"": 1, ""min_cluster_size"": 476, ""n_ap_retained"": 8}",17341,4,train_80pct_seed=17341,95368,23842,0.1459,2.141,11539.25,0.1498,2.1334,2890.84,4.476,,
a9f9b940,2026-06-03T22:51:48+00:00,R3_cyclicMonth,ikmeans,"{""init_source"": ""AP_top_k_by_scatter_pct"", ""n_init"": 1, ""min_cluster_size"": 476, ""n_ap_retained"": 8}",17342,4,train_80pct_seed=17341,95368,23842,0.1483,2.141,11539.25,0.1512,2.1334,2890.84,0.093,,
ef8d6774,2026-06-03T22:51:49+00:00,R3_cyclicMonth,ikmeans,"{""init_source"": ""AP_top_k_by_scatter_pct"", ""n_init"": 1, ""min_cluster_size"": 476, ""n_ap_retained"": 8}",17343,4,train_80pct_seed=17341,95368,23842,0.15,2.141,11539.25,0.1451,2.1334,2890.84,0.094,,
d7016532,2026-06-03T22:51:49+00:00,R3_cyclicMonth,ikmeans,"{""init_source"": ""AP_top_k_by_scatter_pct"", ""n_init"": 1, ""min_cluster_size"": 476, ""n_ap_retained"": 8}",17344,4,train_80pct_seed=17341,95368,23842,0.1485,2.141,11539.25,0.1483,2.1334,2890.84,0.094,,
852dba27,2026-06-03T22:51:50+00:00,R3_cyclicMonth,ikmeans,"{""init_source"": ""AP_top_k_by_scatter_pct"", ""n_init"": 1, ""min_cluster_size"": 476, ""n_ap_retained"": 8}",17345,4,train_80pct_seed=17341,95368,23842,0.1476,2.141,11539.25,0.1486,2.1334,2890.84,0.092,,
4ea45780,2026-06-03T22:51:51+00:00,R3_cyclicMonth,ikmeans,"{""init_source"": ""AP_top_k_by_scatter_pct"", ""n_init"": 1, ""min_cluster_size"": 476, ""n_ap_retained"": 8}",17346,4,train_80pct_seed=17341,95368,23842,0.149,2.141,11539.25,0.1494,2.1334,2890.84,0.095,,
8a2acbb7,2026-06-03T22:51:52+00:00,R3_cyclicMonth,ikmeans,"{""init_source"": ""AP_top_k_by_scatter_pct"", ""n_init"": 1, ""min_cluster_size"": 476, ""n_ap_retained"": 8}",17347,4,train_80pct_seed=17341,95368,23842,0.145,2.141,11539.25,0.1474,2.1334,2890.84,0.086,,
f8e1a4f1,2026-06-03T22:51:52+00:00,R3_cyclicMonth,ikmeans,"{""init_source"": ""AP_top_k_by_scatter_pct"", ""n_init"": 1, ""min_cluster_size"": 476, ""n_ap_retained"": 8}",17348,4,train_80pct_seed=17341,95368,23842,0.1507,2.141,11539.25,0.1476,2.1334,2890.84,0.099,,
8e348075,2026-06-03T22:51:53+00:00,R3_cyclicMonth,ikmeans,"{""init_source"": ""AP_top_k_by_scatter_pct"", ""n_init"": 1, ""min_cluster_size"": 476, ""n_ap_retained"": 8}",17349,4,train_80pct_seed=17341,95368,23842,0.1468,2.141,11539.25,0.1474,2.1334,2890.84,0.093,,
a30f5003,2026-06-03T22:51:54+00:00,R3_cyclicMonth,ikmeans,"{""init_source"": ""AP_top_k_by_scatter_pct"", ""n_init"": 1, ""min_cluster_size"": 476, ""n_ap_retained"": 8}",17350,4,train_80pct_seed=17341,95368,23842,0.1456,2.141,11539.25,0.1505,2.1334,2890.84,0.097,,
5b23394c,2026-06-03T22:51:55+00:00,R3_cyclicMonth,ikmeans,"{""init_source"": ""AP_top_k_by_scatter_pct"", ""n_init"": 1, ""min_cluster_size"": 476, ""n_ap_retained"": 8}",17341,5,train_80pct_seed=17341,95368,23842,0.1257,2.0812,10169.18,0.1292,2.0755,2552.57,4.482,,
9f7b7332,2026-06-03T22:51:55+00:00,R3_cyclicMonth,ikmeans,"{""init_source"": ""AP_top_k_by_scatter_pct"", ""n_init"": 1, ""min_cluster_size"": 476, ""n_ap_retained"": 8}",17342,5,train_80pct_seed=17341,95368,23842,0.1255,2.0812,10169.18,0.1289,2.0755,2552.57,0.101,,
c99ee487,2026-06-03T22:51:56+00:00,R3_cyclicMonth,ikmeans,"{""init_source"": ""AP_top_k_by_scatter_pct"", ""n_init"": 1, ""min_cluster_size"": 476, ""n_ap_retained"": 8}",17343,5,train_80pct_seed=17341,95368,23842,0.1256,2.0812,10169.18,0.1244,2.0755,2552.57,0.094,,
93f20b9a,2026-06-03T22:51:57+00:00,R3_cyclicMonth,ikmeans,"{""init_source"": ""AP_top_k_by_scatter_pct"", ""n_init"": 1, ""min_cluster_size"": 476, ""n_ap_retained"": 8}",17344,5,train_80pct_seed=17341,95368,23842,0.1264,2.0812,10169.18,0.1258,2.0755,2552.57,0.095,,
1217670d,2026-06-03T22:51:57+00:00,R3_cyclicMonth,ikmeans,"{""init_source"": ""AP_top_k_by_scatter_pct"", ""n_init"": 1, ""min_cluster_size"": 476, ""n_ap_retained"": 8}",17345,5,train_80pct_seed=17341,95368,23842,0.1266,2.0812,10169.18,0.1281,2.0755,2552.57,0.1,,
e8e84881,2026-06-03T22:51:58+00:00,R3_cyclicMonth,ikmeans,"{""init_source"": ""AP_top_k_by_scatter_pct"", ""n_init"": 1, ""min_cluster_size"": 476, ""n_ap_retained"": 8}",17346,5,train_80pct_seed=17341,95368,23842,0.1268,2.0812,10169.18,0.1272,2.0755,2552.57,0.094,,
76b075e0,2026-06-03T22:51:59+00:00,R3_cyclicMonth,ikmeans,"{""init_source"": ""AP_top_k_by_scatter_pct"", ""n_init"": 1, ""min_cluster_size"": 476, ""n_ap_retained"": 8}",17347,5,train_80pct_seed=17341,95368,23842,0.1239,2.0812,10169.18,0.1249,2.0755,2552.57,0.095,,
d005a811,2026-06-03T22:52:00+00:00,R3_cyclicMonth,ikmeans,"{""init_source"": ""AP_top_k_by_scatter_pct"", ""n_init"": 1, ""min_cluster_size"": 476, ""n_ap_retained"": 8}",17348,5,train_80pct_seed=17341,95368,23842,0.1285,2.0812,10169.18,0.1275,2.0755,2552.57,0.104,,
3f00238e,2026-06-03T22:52:00+00:00,R3_cyclicMonth,ikmeans,"{""init_source"": ""AP_top_k_by_scatter_pct"", ""n_init"": 1, ""min_cluster_size"": 476, ""n_ap_retained"": 8}",17349,5,train_80pct_seed=17341,95368,23842,0.1241,2.0812,10169.18,0.1259,2.0755,2552.57,0.094,,
bf6407ad,2026-06-03T22:52:01+00:00,R3_cyclicMonth,ikmeans,"{""init_source"": ""AP_top_k_by_scatter_pct"", ""n_init"": 1, ""min_cluster_size"": 476, ""n_ap_retained"": 8}",17350,5,train_80pct_seed=17341,95368,23842,0.1241,2.0812,10169.18,0.1285,2.0755,2552.57,0.09,,
a092fe32,2026-06-03T22:52:02+00:00,R4_dropRedundant,ikmeans,"{""init_source"": ""AP_top_k_by_scatter_pct"", ""n_init"": 1, ""min_cluster_size"": 476, ""n_ap_retained"": 6}",17341,2,train_80pct_seed=17341,95368,23842,0.1066,2.8757,10716.88,0.113,2.8479,2734.78,6.314,,
1e29eea6,2026-06-03T22:52:03+00:00,R4_dropRedundant,ikmeans,"{""init_source"": ""AP_top_k_by_scatter_pct"", ""n_init"": 1, ""min_cluster_size"": 476, ""n_ap_retained"": 6}",17342,2,train_80pct_seed=17341,95368,23842,0.1095,2.8757,10716.88,0.111,2.8479,2734.78,0.111,,
65fb1d3f,2026-06-03T22:52:04+00:00,R4_dropRedundant,ikmeans,"{""init_source"": ""AP_top_k_by_scatter_pct"", ""n_init"": 1, ""min_cluster_size"": 476, ""n_ap_retained"": 6}",17343,2,train_80pct_seed=17341,95368,23842,0.1117,2.8757,10716.88,0.1062,2.8479,2734.78,0.105,,
d2a36965,2026-06-03T22:52:04+00:00,R4_dropRedundant,ikmeans,"{""init_source"": ""AP_top_k_by_scatter_pct"", ""n_init"": 1, ""min_cluster_size"": 476, ""n_ap_retained"": 6}",17344,2,train_80pct_seed=17341,95368,23842,0.1076,2.8757,10716.88,0.1116,2.8479,2734.78,0.108,,
1d898407,2026-06-03T22:52:05+00:00,R4_dropRedundant,ikmeans,"{""init_source"": ""AP_top_k_by_scatter_pct"", ""n_init"": 1, ""min_cluster_size"": 476, ""n_ap_retained"": 6}",17345,2,train_80pct_seed=17341,95368,23842,0.1101,2.8757,10716.88,0.1108,2.8479,2734.78,0.101,,
b8441e5e,2026-06-03T22:52:06+00:00,R4_dropRedundant,ikmeans,"{""init_source"": ""AP_top_k_by_scatter_pct"", ""n_init"": 1, ""min_cluster_size"": 476, ""n_ap_retained"": 6}",17346,2,train_80pct_seed=17341,95368,23842,0.1099,2.8757,10716.88,0.1096,2.8479,2734.78,0.111,,
0c20f219,2026-06-03T22:52:07+00:00,R4_dropRedundant,ikmeans,"{""init_source"": ""AP_top_k_by_scatter_pct"", ""n_init"": 1, ""min_cluster_size"": 476, ""n_ap_retained"": 6}",17347,2,train_80pct_seed=17341,95368,23842,0.1106,2.8757,10716.88,0.1115,2.8479,2734.78,0.103,,
a12c8a41,2026-06-03T22:52:07+00:00,R4_dropRedundant,ikmeans,"{""init_source"": ""AP_top_k_by_scatter_pct"", ""n_init"": 1, ""min_cluster_size"": 476, ""n_ap_retained"": 6}",17348,2,train_80pct_seed=17341,95368,23842,0.109,2.8757,10716.88,0.1111,2.8479,2734.78,0.102,,
17223f73,2026-06-03T22:52:08+00:00,R4_dropRedundant,ikmeans,"{""init_source"": ""AP_top_k_by_scatter_pct"", ""n_init"": 1, ""min_cluster_size"": 476, ""n_ap_retained"": 6}",17349,2,train_80pct_seed=17341,95368,23842,0.1089,2.8757,10716.88,0.1094,2.8479,2734.78,0.11,,
dc57bed5,2026-06-03T22:52:09+00:00,R4_dropRedundant,ikmeans,"{""init_source"": ""AP_top_k_by_scatter_pct"", ""n_init"": 1, ""min_cluster_size"": 476, ""n_ap_retained"": 6}",17350,2,train_80pct_seed=17341,95368,23842,0.1066,2.8757,10716.88,0.1108,2.8479,2734.78,0.108,,
eab3c031,2026-06-03T22:52:09+00:00,R4_dropRedundant,ikmeans,"{""init_source"": ""AP_top_k_by_scatter_pct"", ""n_init"": 1, ""min_cluster_size"": 476, ""n_ap_retained"": 6}",17341,3,train_80pct_seed=17341,95368,23842,0.1135,2.4457,10857.47,0.1177,2.4463,2719.35,6.283,,
27648386,2026-06-03T22:52:10+00:00,R4_dropRedundant,ikmeans,"{""init_source"": ""AP_top_k_by_scatter_pct"", ""n_init"": 1, ""min_cluster_size"": 476, ""n_ap_retained"": 6}",17342,3,train_80pct_seed=17341,95368,23842,0.114,2.4457,10857.47,0.1164,2.4463,2719.35,0.074,,
4db88f52,2026-06-03T22:52:11+00:00,R4_dropRedundant,ikmeans,"{""init_source"": ""AP_top_k_by_scatter_pct"", ""n_init"": 1, ""min_cluster_size"": 476, ""n_ap_retained"": 6}",17343,3,train_80pct_seed=17341,95368,23842,0.1176,2.4457,10857.47,0.1125,2.4463,2719.35,0.08,,
65ae0e68,2026-06-03T22:52:12+00:00,R4_dropRedundant,ikmeans,"{""init_source"": ""AP_top_k_by_scatter_pct"", ""n_init"": 1, ""min_cluster_size"": 476, ""n_ap_retained"": 6}",17344,3,train_80pct_seed=17341,95368,23842,0.1156,2.4457,10857.47,0.1167,2.4463,2719.35,0.077,,
83d29097,2026-06-03T22:52:12+00:00,R4_dropRedundant,ikmeans,"{""init_source"": ""AP_top_k_by_scatter_pct"", ""n_init"": 1, ""min_cluster_size"": 476, ""n_ap_retained"": 6}",17345,3,train_80pct_seed=17341,95368,23842,0.1162,2.4457,10857.47,0.1169,2.4463,2719.35,0.079,,
53780dfd,2026-06-03T22:52:13+00:00,R4_dropRedundant,ikmeans,"{""init_source"": ""AP_top_k_by_scatter_pct"", ""n_init"": 1, ""min_cluster_size"": 476, ""n_ap_retained"": 6}",17346,3,train_80pct_seed=17341,95368,23842,0.1157,2.4457,10857.47,0.1168,2.4463,2719.35,0.078,,
66f9543e,2026-06-03T22:52:14+00:00,R4_dropRedundant,ikmeans,"{""init_source"": ""AP_top_k_by_scatter_pct"", ""n_init"": 1, ""min_cluster_size"": 476, ""n_ap_retained"": 6}",17347,3,train_80pct_seed=17341,95368,23842,0.115,2.4457,10857.47,0.1167,2.4463,2719.35,0.076,,
bc479505,2026-06-03T22:52:14+00:00,R4_dropRedundant,ikmeans,"{""init_source"": ""AP_top_k_by_scatter_pct"", ""n_init"": 1, ""min_cluster_size"": 476, ""n_ap_retained"": 6}",17348,3,train_80pct_seed=17341,95368,23842,0.1172,2.4457,10857.47,0.1168,2.4463,2719.35,0.079,,
dd0ef71b,2026-06-03T22:52:15+00:00,R4_dropRedundant,ikmeans,"{""init_source"": ""AP_top_k_by_scatter_pct"", ""n_init"": 1, ""min_cluster_size"": 476, ""n_ap_retained"": 6}",17349,3,train_80pct_seed=17341,95368,23842,0.1156,2.4457,10857.47,0.115,2.4463,2719.35,0.074,,
92f9f737,2026-06-03T22:52:16+00:00,R4_dropRedundant,ikmeans,"{""init_source"": ""AP_top_k_by_scatter_pct"", ""n_init"": 1, ""min_cluster_size"": 476, ""n_ap_retained"": 6}",17350,3,train_80pct_seed=17341,95368,23842,0.1147,2.4457,10857.47,0.1182,2.4463,2719.35,0.079,,
fe016e6b,2026-06-03T22:52:17+00:00,R4_dropRedundant,ikmeans,"{""init_source"": ""AP_top_k_by_scatter_pct"", ""n_init"": 1, ""min_cluster_size"": 476, ""n_ap_retained"": 6}",17341,4,train_80pct_seed=17341,95368,23842,0.1373,2.2458,10132.38,0.1408,2.2496,2552.02,6.299,,
ac70e590,2026-06-03T22:52:17+00:00,R4_dropRedundant,ikmeans,"{""init_source"": ""AP_top_k_by_scatter_pct"", ""n_init"": 1, ""min_cluster_size"": 476, ""n_ap_retained"": 6}",17342,4,train_80pct_seed=17341,95368,23842,0.1393,2.2458,10132.38,0.1408,2.2496,2552.02,0.092,,
493d487d,2026-06-03T22:52:18+00:00,R4_dropRedundant,ikmeans,"{""init_source"": ""AP_top_k_by_scatter_pct"", ""n_init"": 1, ""min_cluster_size"": 476, ""n_ap_retained"": 6}",17343,4,train_80pct_seed=17341,95368,23842,0.1417,2.2458,10132.38,0.1368,2.2496,2552.02,0.091,,
e9aacbc4,2026-06-03T22:52:19+00:00,R4_dropRedundant,ikmeans,"{""init_source"": ""AP_top_k_by_scatter_pct"", ""n_init"": 1, ""min_cluster_size"": 476, ""n_ap_retained"": 6}",17344,4,train_80pct_seed=17341,95368,23842,0.1395,2.2458,10132.38,0.1417,2.2496,2552.02,0.091,,
53a6c71c,2026-06-03T22:52:19+00:00,R4_dropRedundant,ikmeans,"{""init_source"": ""AP_top_k_by_scatter_pct"", ""n_init"": 1, ""min_cluster_size"": 476, ""n_ap_retained"": 6}",17345,4,train_80pct_seed=17341,95368,23842,0.1407,2.2458,10132.38,0.1403,2.2496,2552.02,0.094,,
cd15304a,2026-06-03T22:52:20+00:00,R4_dropRedundant,ikmeans,"{""init_source"": ""AP_top_k_by_scatter_pct"", ""n_init"": 1, ""min_cluster_size"": 476, ""n_ap_retained"": 6}",17346,4,train_80pct_seed=17341,95368,23842,0.1397,2.2458,10132.38,0.1402,2.2496,2552.02,0.092,,
af562902,2026-06-03T22:52:21+00:00,R4_dropRedundant,ikmeans,"{""init_source"": ""AP_top_k_by_scatter_pct"", ""n_init"": 1, ""min_cluster_size"": 476, ""n_ap_retained"": 6}",17347,4,train_80pct_seed=17341,95368,23842,0.1404,2.2458,10132.38,0.14,2.2496,2552.02,0.092,,
23380205,2026-06-03T22:52:22+00:00,R4_dropRedundant,ikmeans,"{""init_source"": ""AP_top_k_by_scatter_pct"", ""n_init"": 1, ""min_cluster_size"": 476, ""n_ap_retained"": 6}",17348,4,train_80pct_seed=17341,95368,23842,0.1416,2.2458,10132.38,0.1418,2.2496,2552.02,0.089,,
1d676e9c,2026-06-03T22:52:22+00:00,R4_dropRedundant,ikmeans,"{""init_source"": ""AP_top_k_by_scatter_pct"", ""n_init"": 1, ""min_cluster_size"": 476, ""n_ap_retained"": 6}",17349,4,train_80pct_seed=17341,95368,23842,0.1403,2.2458,10132.38,0.1405,2.2496,2552.02,0.096,,
b2170d9f,2026-06-03T22:52:23+00:00,R4_dropRedundant,ikmeans,"{""init_source"": ""AP_top_k_by_scatter_pct"", ""n_init"": 1, ""min_cluster_size"": 476, ""n_ap_retained"": 6}",17350,4,train_80pct_seed=17341,95368,23842,0.1394,2.2458,10132.38,0.1421,2.2496,2552.02,0.098,,
4c5f882b,2026-06-03T22:52:24+00:00,R4_dropRedundant,ikmeans,"{""init_source"": ""AP_top_k_by_scatter_pct"", ""n_init"": 1, ""min_cluster_size"": 476, ""n_ap_retained"": 6}",17341,5,train_80pct_seed=17341,95368,23842,0.1217,2.4981,8377.59,0.1273,2.4896,2109.7,6.291,,
d144a735,2026-06-03T22:52:24+00:00,R4_dropRedundant,ikmeans,"{""init_source"": ""AP_top_k_by_scatter_pct"", ""n_init"": 1, ""min_cluster_size"": 476, ""n_ap_retained"": 6}",17342,5,train_80pct_seed=17341,95368,23842,0.1242,2.4981,8377.59,0.1264,2.4896,2109.7,0.087,,
781d9ed1,2026-06-03T22:52:25+00:00,R4_dropRedundant,ikmeans,"{""init_source"": ""AP_top_k_by_scatter_pct"", ""n_init"": 1, ""min_cluster_size"": 476, ""n_ap_retained"": 6}",17343,5,train_80pct_seed=17341,95368,23842,0.1268,2.4981,8377.59,0.1226,2.4896,2109.7,0.082,,
9ffe0703,2026-06-03T22:52:26+00:00,R4_dropRedundant,ikmeans,"{""init_source"": ""AP_top_k_by_scatter_pct"", ""n_init"": 1, ""min_cluster_size"": 476, ""n_ap_retained"": 6}",17344,5,train_80pct_seed=17341,95368,23842,0.1254,2.4981,8377.59,0.1268,2.4896,2109.7,0.091,,
3f68e3b4,2026-06-03T22:52:26+00:00,R4_dropRedundant,ikmeans,"{""init_source"": ""AP_top_k_by_scatter_pct"", ""n_init"": 1, ""min_cluster_size"": 476, ""n_ap_retained"": 6}",17345,5,train_80pct_seed=17341,95368,23842,0.1255,2.4981,8377.59,0.1253,2.4896,2109.7,0.089,,
d77ea91f,2026-06-03T22:52:27+00:00,R4_dropRedundant,ikmeans,"{""init_source"": ""AP_top_k_by_scatter_pct"", ""n_init"": 1, ""min_cluster_size"": 476, ""n_ap_retained"": 6}",17346,5,train_80pct_seed=17341,95368,23842,0.125,2.4981,8377.59,0.1251,2.4896,2109.7,0.086,,
b1e7394f,2026-06-03T22:52:28+00:00,R4_dropRedundant,ikmeans,"{""init_source"": ""AP_top_k_by_scatter_pct"", ""n_init"": 1, ""min_cluster_size"": 476, ""n_ap_retained"": 6}",17347,5,train_80pct_seed=17341,95368,23842,0.1248,2.4981,8377.59,0.1269,2.4896,2109.7,0.086,,
d80ab976,2026-06-03T22:52:29+00:00,R4_dropRedundant,ikmeans,"{""init_source"": ""AP_top_k_by_scatter_pct"", ""n_init"": 1, ""min_cluster_size"": 476, ""n_ap_retained"": 6}",17348,5,train_80pct_seed=17341,95368,23842,0.1275,2.4981,8377.59,0.1268,2.4896,2109.7,0.091,,
f9810bfb,2026-06-03T22:52:29+00:00,R4_dropRedundant,ikmeans,"{""init_source"": ""AP_top_k_by_scatter_pct"", ""n_init"": 1, ""min_cluster_size"": 476, ""n_ap_retained"": 6}",17349,5,train_80pct_seed=17341,95368,23842,0.1257,2.4981,8377.59,0.1281,2.4896,2109.7,0.089,,
50847351,2026-06-03T22:52:30+00:00,R4_dropRedundant,ikmeans,"{""init_source"": ""AP_top_k_by_scatter_pct"", ""n_init"": 1, ""min_cluster_size"": 476, ""n_ap_retained"": 6}",17350,5,train_80pct_seed=17341,95368,23842,0.1239,2.4981,8377.59,0.127,2.4896,2109.7,0.086,,
